Equipped Gear Piece,,,,,,,,,,,,,,,,Modifier Bonuses,,,,,,,,,,,,,,,,,
No.,Slot,Gear Item,Talent,Category,,NinjaBike Backpack,,,,,,,,,,,,Conditional Formatting,OK,,,,,,,,,,,,,,
1,Mask,Catharsis,Vicious Cycle,Exotic,,,,,,,,,,,,Point Blank,,Rogue Momentum,,Hard-Core,,Divide and Conquer,,,,,,,,,,,
2,Chest,Hunter-Killer,Perfect Intimidate,Named,,,,,,,,,,,,Amplified WD,0%,Weapon + Skill Damage,0%,Activated,,Rate of Fire,0%,,,,,,,,,,
3,Holster,Belstone Armory,,,,,,,,,,,,,,,,Reload Speed,0%,Activated + Tier 5,,Weapon Damage,0%,,,,,,,,,,
4,Backpack,Matador,Perfect Adrenaline Rush,Named,,,,,,,,,,,,,,Rate of FIre,0%,Currently Selected:,,"

Full Controlled Bonus


(30% Rate of Fire & 30% Weapon Damage)",,,,,,,,,,,
5,Gloves,Golan Gear Ltd,,,,,,,,,,,,,,,,Momentum Stages,Currently Selected:,---,,"

Full Contested Bonus

(30% Rate of Fire)",,,,,,,,,,,
6,Kneepads,Golan Gear Ltd,,,,,,,Weapon's Core Attribute,,,,,,,,,"


Calculated


(+5% Weapon / Skill Damage)",---,Tiers:,,,,,,,,,,,,,
7,4 Set Pieces,None,,,,,,,No.,Attribute Type,Primary Weapon,Secondary Weapon,Sidearm,Max Value,,,,"


Swift


(+10% Weapon / Skill Damage, +10 Movement Speed, +5% Reload Speed)",,,,,,,,,,,,,,,
,,,,,,,,,1,Critical Hit Chance,,21%,,21%,,,,"


Ruthless


(+15% Weapon / Skill Damage, +15 Movement Speed, +10% Reload Speed, +15% Rate of Fire)",,,,,,,,,,,,,,,
Gear Attributes,,,,,,,,,2,Critical Hit Damage,,,,17%,,,,"


Savage


(+20% Weapon / Skill Damage, +20 Movement Speed, +15% Reload Speed, +20% Rate of Fire)",,,,,,,,,,,,,,,
No.,Brand,Mask,Chest,Holster,Backpack,Gloves,Kneepads,,3,Headshot Damage,,,,111%,,,,"


Unstoppable


(+20% Weapon / Skill Damage, +20 Movement Speed, +20% Reload Speed, +25% Rate of Fire, Skill Overcharge)",,Bonuses:,,,,,,,,,,,,,
,,Catharsis,Hunter-Killer,Belstone Armory,Matador,Golan Gear Ltd,Golan Gear Ltd,,4,Health Damage,21%,,,21%,,,,,,CHC,,,,,,,,,,,,,
1,Core Attribute,Armor,Armor,Armor,Armor,Armor,Armor,,5,Damage to Armor,,,,12%,,,,,,Bonus Armor,,,,,,,,,,,,,
2,Minor Attribute 1,Incoming Repairs,Armor Regen HP/s,Critical Hit Chance,Critical Hit Chance,Critical Hit Chance,Critical Hit Damage,,6,DMG Out of Cover,,,,12%,,Dropdowns:,,,,Cooldown,,,,,,,,,,,,,
3,Minor Attribute 2,Armor Regen HP/s,Critical Hit Damage,Critical Hit Damage,Critical Hit Damage,Critical Hit Damage,Critical Hit Chance,,,,,,,,,"          Global Modifier:
              Point Blank",---,,,,,,,,,,,,,,,,
4,Minor Attribute 3,Critical Hit Damage,Critical Hit Damage,,Critical Hit Chance,,,,Weapon's Minor Attribute,,,,,,,"          Global Modifier:
        Rogue Momentum","

Full Controlled Bonus


(30% Rate of Fire & 30% Weapon Damage)",,,,,,,,,,,,,,,,
,,,,,,,,,No.,Attribute Type,Primary Weapon,Secondary Weapon,Sidearm,Max Value,,"          Global Modifier:
               Hard-Core","

Full Contested Bonus

(30% Rate of Fire)",,,,,,,,,,,,,,,,
Set Bonus Active,,,,,,,,,1,Critical Hit Chance,,,,9.5%,,"          Global Modifier:
       Divide and Conquer",,,,,,,,,,,,,,,,,
No.,Brand,Named Item 1,Named Item 2,Named Item 3,Set Count (0 - 3),Set Bonus Name,4 Set Talent,,2,Critical Hit Damage,10.0%,,,10.0%,,,,,,,,,,,,,,,,,,,
1,5.11 Tactical,Deathgrips,,,0,5.11 Tactical0,,,3,Headshot Damage,,,,10.0%,,,,,,,,,,,,,,,,,,,
2,Airaldi Holdings,Pristine Example,,,0,Airaldi Holdings0,,,4,Health Damage,,,,10.0%,,,,,,,,,,,,,,,,,,,
3,Alps Summit Armament,Percussive Maintenance,Motherly Love,,0,Alps Summit Armament0,,,5,Damage to Armor,,,,6.0%,,,,,,,,,,,,,,,,,,,
4,Brazos de Arcabuz,Hermano,Picaro's Holster,,0,Brazos de Arcabuz0,,,6,DMG Out of Cover,,10.0%,10.0%,10.0%,,,,,,,,,,,,,,,,,,,
5,"Walker, Harris & Co.",Chainkiller,Matador,,1,"Walker, Harris & Co.1",,,7,Accuracy,,,,12.0%,,,,,,,,,,,,,,,,,,,
6,Uzina Getica,Closer,The Setup,,0,Uzina Getica0,,,8,Stability,,,,12.0%,,,,,,,,,,,,,,,,,,,
7,Empress International,Caesar's Guard,Battery Pack,,0,Empress International0,,,9,Reload Speed,,,,12.0%,,,,,,,,,,,,,,,,,,,
8,Overlord Armaments,Fox's Prayer,,,0,Overlord Armaments0,,,10,Optimal Range,,,,24.0%,,,,,,,,,,,,,,,,,,,
9,Gila Guard,Night Watcher,Pointman,Chill Out,0,Gila Guard0,,,11,Rate of Fire,,,,5.0%,,,,,,,,,,,,,,,,,,,
10,Grupo Sombra S.A.,Door-Kicker's Knock,Festive Delivery,,0,Grupo Sombra S.A.0,,,12,Magazine Size %,,,,12.5%,,,,,,,,,,,,,,,,,,,
11,Golan Gear Ltd,Hunter-Killer,Anarchist's Cookbook,,3,Golan Gear Ltd3,,,13,Swap Speed,,,,15.0%,,,,,,,,,,,,,,,,,,,
12,Sokolov Concern,Firm Handshake,,,0,Sokolov Concern0,,,14,1 Skill Tier,,,,1,,,,,,,,,,,,,,,,,,,
13,Douglas & Harding,Punch Drunk,,,0,Douglas & Harding0,,,15,10% Armor on Kill,,,,10.0%,,,,,,,,,,,,,,,,,,,
14,Česká Výroba s.r.o,Devil's Due,Turmoil,,0,Česká Výroba s.r.o0,,,,,,,,,,,,,,,,,,,,,,,,,,,
15,China Light Industries,Strategic Alignment,,,0,China Light Industries0,,,,,,,,,,,,,,,,,,,,,,,,,,,
16,Badger Tuff,Zero F's,Ammo Dump Holster,,0,Badger Tuff0,,,Bonus from Weapon Mods,,,,,,,,,,,,,,,,,,,,,,,,
17,Hana-U Corporation,Force Multiplier,,,0,Hana-U Corporation0,,,No.,Attribute Type,Primary Weapon,Secondary Weapon,Sidearm,,,,,,,,,,,,,,,,,,,,
18,Fenris Group AB,Ferocious Calm,,,0,Fenris Group AB0,,,1,Critical Hit Chance,0%,15%,0%,,,,,,,,,,,,,,,,,,,,
19,Providence Defense,The Sacrifice,The Gift,,0,Providence Defense0,,,2,Critical Hit Damage,0%,0%,0%,,,,,,,,,,,,,,,,,,,,
20,Petrov Defense Group,Vedmedytsya,Contractor's Gloves,,0,Petrov Defense Group0,,,3,Headshot Damage,40%,0%,0%,,,,,,,,,,,,,,,,,,,,
21,Belstone Armory,Everyday Carrier,Liquid Engineer,,1,Belstone Armory1,,,4,Weapon Damage,0%,0%,0%,,,,,,,,,,,,,,,,,,,,
22,Murakami Industries,Emperor's Guard,,,0,Murakami Industries0,,,5,Accuracy,20%,0%,0%,,,,,,,,,,,,,,,,,,,,
23,Yaahl Gear,The Hollow Man,,,0,Yaahl Gear0,,,6,Stability,20%,0%,0%,,,,,,,,,,,,,,,,,,,,
24,Richter & Kaiser GmbH,Forge,,,0,Richter & Kaiser GmbH0,,,7,Reload Speed,20%,0%,0%,,,,,,,,,,,,,,,,,,,,
25,Wyvern Wear,Claws Out,,,0,Wyvern Wear0,,,8,Optimal Range,0%,0%,0%,,,,,,,,,,,,,,,,,,,,
26,Habsburg Guard,Cherished,The Courier,,0,Habsburg Guard0,,,9,Rate of Fire,0%,0%,0%,,,,,,,,,,,,,,,,,,,,
27,Electrique,Henri,Lavoisier,Snow Machine,0,Electrique0,,,,,,,,,,,,,,,,,,,,,,,,,,,
28,Lengmo,Carpenter,Backbone,,0,Lengmo0,,,,,,,,,,,,,,,,,,,,,,,,,,,
29,Palisade Steelworks,Combustor,Proxy,,0,Palisade Steelworks0,,,10,Weapon Handling,0%,0%,0%,,,,,,,,,,,,,,,,,,,,
30,Zwiadowka Sp. z o.o.,Bober,Eagle’s Grasp,,0,Zwiadowka Sp. z o.o.0,,,11,Extra Rounds,0,15,0,,,,,,,,,,,,,,,,,,,,
31,Legatus S.p.A.,Vigil,Visionario,,0,Legatus S.p.A.0,,,12,Melee Damage,0%,0%,0%,,,,,,,,,,,,,,,,,,,,
32,Shiny Monkey,Axel,Grease,,0,Shiny Monkey0,,,,,,,,,,,,,,,,,,,,,,,,,,,
33,Imminence Armaments,Cap'n,Cloak,,0,Imminence Armaments0,,,,,,,,,,,,,,,,,,,,,,,,,,,
34,Urban Lookout,Sleight,Spot-on,,0,Urban Lookout0,,,,,,,,,,,,,,,,,,,,,,,,,,,
47,True Patriot,,,,0,True Patriot0,,,,,,,,,,,,,,,,,,,,,,,,,,,
48,Ongoing Directive,,,,0,Ongoing Directive0,,,,,,,,,,,,,,,,,,,,,,,,,,,
49,Hard Wired,,,,0,Hard Wired0,,,,,,,,,,,,,,,,,,,,,,,,,,,
50,Negotiator's Dilemma,,,,0,Negotiator's Dilemma0,,,,,,,,,,,,,,,,,,,,,,,,,,,
51,Tip of the Spear,,,,0,Tip of the Spear0,,,,,,,,,,,,,,,,,,,,,,,,,,,
52,Aces & Eights,,,,0,Aces & Eights0,,,,,,,,,,,,,,,,,,,,,,,,,,,
53,Striker's Battlegear,,,,0,Striker's Battlegear0,,,,,,,,,,,,,,,,,,,,,,,,,,,
54,System Corruption,,,,0,System Corruption0,,,,,,,,,,,,,,,,,,,,,,,,,,,
55,Eclipse Protocol,,,,0,Eclipse Protocol0,,,,,,,,,,,,,,,,,,,,,,,,,,,
56,Future Initiative,,,,0,Future Initiative0,,,,,,,,,,,,,,,,,,,,,,,,,,,
57,Foundry Bulwark,,,,0,Foundry Bulwark0,,,,,,,,,,,,,,,,,,,,,,,,,,,
58,Hunter's Fury,,,,0,Hunter's Fury0,,,,,,,,,,,,,,,,,,,,,,,,,,,
59,Rigger,,,,0,Rigger0,,,,,,,,,,,,,,,,,,,,,,,,,,,
60,Umbra Initiative,,,,0,Umbra Initiative0,,,,,,,,,,,,,,,,,,,,,,,,,,,
61,Heartbreaker,,,,0,Heartbreaker0,,,,,,,,,,,,,,,,,,,,,,,,,,,
62,Hotshot,,,,0,Hotshot0,,,,,,,,,,,,,,,,,,,,,,,,,,,
63,The Cavalier,,,,0,The Cavalier0,,,,,,,,,,,,,,,,,,,,,,,,,,,
64,Aegis,,,,0,Aegis0,,,,,,,,,,,,,,,,,,,,,,,,,,,
65,Ortiz: Exuro,,,,0,Ortiz: Exuro0,,,,,,,,,,,,,,,,,,,,,,,,,,,
66,Breaking Point,,,,0,Breaking Point0,,,,,,,,,,,,,,,,,,,,,,,,,,,
67,Virtuoso,,,,0,Virtuoso0,,,,,,,,,,,,,,,,,,,,,,,,,,,
68,Refactor,,,,0,Refactor0,,,,,,,,,,,,,,,,,,,,,,,,,,,
69,Measured Assembly,,,,0,Measured Assembly0,,,,,,,,,,,,,,,,,,,,,,,,,,,
70,Tipping Scales,,,,0,Tipping Scales0,,,,,,,,,,,,,,,,,,,,,,,,,,,
,,,,,,,,,,,,,,,,,,,,,,,,,,,,,,,,,
Set bonus + Named Attributes,,,Total Attributes Value ​​from Equipped Gear,,,,,,,,,,,,,,,,,,,,,,,,,,,,,,
No.,Attribute Type,Bonus Value,Attribute Type,Bonus Value,Number of Attribute,Attribute's Max Roll,,,Weapon Type Damage Bonus Conversion,,,,,,,,,,,,,,,,,,,,,,,,
1,Critical Hit Chance,0.0%,Armor,"1,020,000",6,"170,000",,,No.,Stats,Primary Weapon,Secondary Weapon,Sidearm,,,,,,,,,,,,,,,,,,,,
2,Critical Hit Damage,0.0%,Skill Tier,0,0,1,,,1,AR Damage,0%,0%,0%,,,,,,,,,,,,,,,,,,,,
3,Headshot Damage,0.0%,Critical Hit Chance,30.0%,5,6%,,,2,LMG Damage,0%,0%,0%,,,,,,,,,,,,,,,,,,,,
4,Weapon Damage,5.0%,Critical Hit Damage,84.0%,7,12%,,,3,Shotgun Damage,0%,0%,0%,,,,,,,,,,,,,,,,,,,,
5,Assault Rifle Damage,0.0%,Headshot Damage,0.0%,0,10%,,,4,SMG Damage,0%,0%,0%,,,,,,,,,,,,,,,,,,,,
6,LMG Damage,0.0%,Weapon Damage,0.0%,0,15%,,,5,Rifle Damage,0%,0%,0%,,,,,,,,,,,,,,,,,,,,
7,Shotgun Damage,0.0%,Weapon Handling,0.0%,0,8%,,,6,MMR Damage,0%,0%,0%,,,,,,,,,,,,,,,,,,,,
8,SMG Damage,0.0%,Skill Haste,0.0%,0,12%,,,7,Pistol Damage,0%,0%,0%,,,,,,,,,,,,,,,,,,,,
9,Rifle Damage,0.0%,Skill Damage,0.0%,0,10%,,,8,Weapon Damage,0%,0%,0%,,,,,,,,,,,,,,,,,,,,
10,MMR Damage,0.0%,Repair Skills,0.0%,0,20%,,,,,,,,,,,,,,,,,,,,,,,,,,,
11,Pistol Damage,0.0%,Skill Duration,0.0%,0,10%,,,Weapon Stats with Mods,,,,,,,,,,,,,,,,,,,,,,,,
12,Signature Weapon Damage,0.0%,Status Effects,0.0%,0,10%,,,No.,Attribute Type,Primary Weapon,Secondary Weapon,Sidearm,,,,,,,,,,,,,,,,,,,,
13,Health Damage,0.0%,Hazard Protection,0.0%,0,10%,,,1,Weapon Damage,0%,0%,0%,,,,,,,,,,,,,,,,,,,,
14,Damage to Armor,0.0%,Explosive Resistance,0.0%,0,10%,,,2,Skill Tier,,,,,,,,,,,,,,,,,,,,,,,
15,Accuracy,0.0%,Armor Regen HP/s,"9,850",2,"4,925 ",,,3,Critical Hit Chance,0%,36%,0%,,,,,,,,,,,,,,,,,,,,
16,Stability,0.0%,Health,"270,000",0,"18,935",,,4,Critical Hit Damage,10%,0%,0%,,,,,,,,,,,,,,,,,,,,
17,Reload Speed,0.0%,Protection from Elites,0.0%,0,13%,,,5,Headshot Damage,40%,0%,0%,,,,,,,,,,,,,,,,,,,,
18,Weapon Handling,0.0%,Incoming Repairs,20.0%,1,20%,,,6,Health Damage,21%,0%,0%,,,,,,,,,,,,,,,,,,,,
19,Ammo Capacity,0.0%,Burn Resistance,0.0%,0,10%,,,7,Damage to Armor,0%,0%,0%,,,,,,,,,,,,,,,,,,,,
20,Magazine Size,0.0%,Bleed Resistance,0.0%,0,10%,,,8,Accuracy,20%,0%,0%,,,,,,,,,,,,,,,,,,,,
21,Rate of Fire,0.0%,Ensnare Resistance,0.0%,0,10%,,,9,Stability,20%,0%,0%,,,,,,,,,,,,,,,,,,,,
22,Skill Tier,0,Disrupt Resistance,0.0%,0,10%,,,10,Reload Speed,20%,0%,0%,,,,,,,,,,,,,,,,,,,,
23,Skill Haste,0.0%,Blind/Deaf Resistance,0.0%,0,10%,,,11,Weapon Handling,0%,0%,0%,,,,,,,,,,,,,,,,,,,,
24,Skill Damage,0.0%,Shock Resistance,0.0%,0,10%,,,12,Magazine Size %,,,,,,,,,,,,,,,,,,,,,,,
25,Repair Skills,0.0%,Disorient Resistance,0.0%,0,10%,,,13,Rate of Fire,0%,0%,0%,,,,,,,,,,,,,,,,,,,,
26,Skill Duration,0.0%,Pulse Resistance,0.0%,0,10%,,,14,Armor on Kill,,,,,,,,,,,,,,,,,,,,,,,
27,Status Effects,10.0%,Armor on Kill,0,0,"18,935",,,15,DMG Out of Cover,0%,10%,10%,,,,,,,,,,,,,,,,,,,,
28,Skill Health,0.0%,Health on Kill,30.0%,0,30%,,,16,Melee Damage,0%,0%,0%,,,,,,,,,,,,,,,,,,,,
29,Skill Efficiency,0.0%,Rate of Fire,0.0%,0,5%,,,17,Magazine Size (Value),0,15,0,,,,,,,,,,,,,,,,,,,,
30,Explosives Damage,0.0%,,,,,,,18,Optimal Range,0%,0%,0%,,,,,,,,,,,,,,,,,,,,
31,Shield Health,0.0%,,,,,,,19,Swap Speed,,,,,,,,,,,,,,,,,,,,,,,
32,Health,0.0%,,,,,,,,,,,,,,,,,,,,,,,,,,,,,,,
33,Hazard Protection,0.0%,,,,,,,,,,,,,,,,,,,,,,,,,,,,,,,
34,Total Armor,10.0%,,,,,,,,,,,,,,,,,,,,,,,,,,,,,,,
35,Explosive Resistance,0.0%,,,,,,,,,,,,,,,,,,,,,,,,,,,,,,,
36,Incoming Repairs,0.0%,,,,,,,,,,,,,,,,,,,,,,,,,,,,,,,
37,Armor Regen,2.5%,,,,,,,,,,,,,,,,,,,,,,,,,,,,,,,
38,Armor on Kill,0.0%,,,,,,,,,,,,,,,,,,,,,,,,,,,,,,,
39,Health on Kill,0.0%,,,,,,,,,,,,,,,,,,,,,,,,,,,,,,,
40,Disrupt Resistance,0.0%,,,,,,,The Ravenous Defensive Primers Amplified Armor Plate Damage Calculation,,,,,,,,,,,,,,,,,,,,,,,,
41,Pulse Resistance,0.0%,,,,,,,Shots,Defensive Primers,Amplified DMG,Calculations,,,,,,,,,,,,,,,,,,,,,
42,Swap Speed,0%,,,,,,,1,2,20%,20%,,,,,,,,,,,,,,,,,,,,,
43,Optimal Range,0%,,,,,,,2,4,40%,40%,,,,,,,,,,,,,,,,,,,,,
44,Shock Resistance,0%,,,,,,,3,6,60%,60%,,,,,,,,,,,,,,,,,,,,,
45,DMG Out of Cover,0.0%,,,,,,,4,8,80%,80%,,,,,,,,,,,,,,,,,,,,,
46,Melee Damage,0%,,,,,,,5,10,200%,200%,,,,,,,,,,,,,,,,,,,,,
,,,,THESE AREN'T DOING ANYTHING?,,,,,6,11,230%,230%,,,,,,,,,,,,,,,,,,,,,
,,,,,,,,,7,13,290%,290%,,,,,,,,,,,,,,,,,,,,,
Set Bonus + Named Attr + Sum of Minor Attr + SHD Watch,,,SHD Watch,Specialization Tree,,,,,8,15,350%,350%,,,,,,,,,,,,,,,,,,,,,
No.,Attribute Type,Total Value,Maximum Value,Maximum Value,Specialization,Type / Compatibility,,,9,17,410%,410%,,,,,,,,,,,,,,,,,,,,,
1,Weapon Damage,15.0%,10%,,,,,,10,19,470%,470%,,,,,,,,,,,,,,,,,,,,,
2,Armor,"1,020,000",,,,,,,11,21,890%,890%,,,,,,,,,,,,,,,,,,,,,
3,Skill Tier,0,,1,Technician,Tree Bonus,,,"Defensive Primers are additive to each other until they are detonated. The final sum of the stacks from separate detonations are multiplicative to one another. At every 10th stack, Primers effectiveness gets doubled from 10% to 20%.",,,,,,,,,,,,,,,,,,,,,,,,
4,Critical Hit Chance,40.0%,10%,7%,Demolitionist,Mod,,,,,,,,,,,,,,,,,,,,,,,,,,,
5,Critical Hit Damage,104.0%,20%,10%,Firewall,Mod,,,,,,,,,,,,,,,,,,,,,,,,,,,
6,Headshot Damage,20.0%,20%,15%,Sharpshooter,Rifles and MMRs,,,"During shoulder swapping to detonate primers, the Ravenous uses the first bullet to detonate the primers and the second bullet to apply one stack of the opposite primer. That is why the 6th shot has 11 stacks and the 11th has 21.",,,,,,,,,,,,,,,,,,,,,,,,
7,Assault Rifle Damage,0.0%,,15%,All,Tree Bonus,,,,,,,,,,,,,,,,,,,,,,,,,,,
8,LMG Damage,0.0%,,15%,All,Tree Bonus,,,,,,,,,,,,,,,,,,,,,,,,,,,
9,Shotgun Damage,0.0%,,15%,All,Tree Bonus,,,Max Meter Calculations (10 Primers Per Shoulder Swap),,,,,,,,,,,,,,,,,,,,,,,,
10,SMG Damage,0.0%,,15%,All,Tree Bonus,,,Shots,Defensive Primers,Amplified DMG,Calculations,,,,,,,,,,,,,,,,,,,,,
11,Rifle Damage,0.0%,,15%,All,Tree Bonus,,,5,10,200%,200%,,,,,,,,,,,,,,,,,,,,,
12,MMR Damage,0.0%,,15%,All,Tree Bonus,,,10,20,800%,800%,,,,,,,,,,,,,,,,,,,,,
13,Pistol Damage,0.0%,,15%,All,Tree Bonus,,,15,30,2600%,2600%,,,,,,,,,,,,,,,,,,,,,
14,Signature Weapon Damage,0.0%,,40%,All,Tree Bonus,,,,,,,,,,,,,,,,,,,,,,,,,,,
15,Health Damage,0.0%,,,,,,,,,,,,,,,,,,,,,,,,,,,,,,,
16,Damage to Armor,0.0%,,,,,,,,,,,,,,,,,,,,,,,,,,,,,,,
17,Accuracy,10.0%,10%,,,,,,,,,,,,,,,,,,,,,,,,,,,,,,
18,Stability,10.0%,10%,15%,Sharpshooter,Tree Bonus,,,,,,,,,,,,,,,,,,,,,,,,,,,
19,Reload Speed,10.0%,10%,50%,Gunner,Every 3rd Reload,,,,,,,,,,,,,,,,,,,,,,,,,,,
20,Weapon Handling,0.0%,,10%,Gunner,Stand in Place for 1 sec,,,,,,,,,,,,,,,,,,,,,,,,,,,
21,Ammo Capacity,0.0%,20%,,,,,,,,,,,,,,,,,,,,,,,,,,,,,,
22,Magazine Size,0.0%,,,,,,,,,,,,,,,,,,,,,,,,,,,,,,,
23,Rate of Fire,0.0%,,5%,Gunner,After a Kill for 5 sec,,,,,,,,,,,,,,,,,,,,,,,,,,,
24,Skill Haste,10.0%,10%,,,,,,,,,,,,,,,,,,,,,,,,,,,,,,
25,Skill Damage,10.0%,10%,10%,Technician,Tree Bonus,,Temporary Work Around for Perpetuation,,,,,,,,,,,,,,,,,,,,,,,,,
26,Repair Skills,10.0%,10%,10%,Technician,Tree Bonus,,Primary Weapon Talent,,Big Game Hunter,0%,,,,,,,,,,,,,,,,,,,,,,
27,Skill Duration,20.0%,20%,,,,,Secondary Weapon Talent,,Streamline,0%,,,,,,,,,,,,,,,,,,,,,,
28,Status Effects,10.0%,,20%,Firewall,Burn Duration Only,,Sidearm Weapon Talent,,Unselected,0%,,,,,,,,,,,,,,,,,,,,,,
29,Skill Health,0.0%,,,,,,,,,,,,,,,,,,,,,,,,,,,,,,,
30,Skill Efficiency,0.0%,,,,,,Temporary Work Around for Outsider,,,Optimal Range,Accuracy,,,,,,,,,,,,,,,,,,,,,
31,Explosives Damage,0.0%,,10%,Demolitionist,Tree Bonus,,Primary Weapon Talent,,Big Game Hunter,0%,0%,,,,,,,,,,,,,,,,,,,,,
32,Shield Health,0.0%,,8%,Firewall,Mod,,Secondary Weapon Talent,,Streamline,0%,0%,,,,,,,,,,,,,,,,,,,,,
33,Health %,10.0%,10%,,,,,Sidearm Weapon Talent,,Unselected,0%,0%,,,,,,,,,,,,,,,,,,,,,
34,Health (Value),"330,000","60,000",,,,,,,,,,,,,,,,,,,,,,,,,,,,,,
35,Hazard Protection,10.0%,10%,,,,,,,,,,,,,,,,,,,,,,,,,,,,,,
36,Total Armor,20.0%,10%,,,,,,,,,,,,,,,,,,,,,,,,,,,,,,
37,Explosive Resistance,10.0%,10%,,,,,,,,,,,,,,,,,,,,,,,,,,,,,,
38,Incoming Repairs,20.0%,,15%,Survivalist,Outgoing Healing,,,,,,,,,,,,,,,,,,,,,,,,,,,
39,Armor Regen,2.5%,,,,,,,,,,,,,,,,,,,,,,,,,,,,,,,
40,Armor Regen HP,"9,850",,,,,,,,,,,,,,,,,,,,,,,,,,,,,,,
41,Armor on Kill,0.0%,,10%,Gunner,Tree Bonus,,,,,,,,,,,,,,,,,,,,,,,,,,,
42,Armor on Kill (Value),0,,,,,,,,,,,,,,,,,,,,,,,,,,,,,,,
43,Health on Kill,30%,,30%,Firewall,Tree Bonus,,,,,,,,,,,,,,,,,,,,,,,,,,,
44,Disrupt Resistance,0.0%,,,,,,,,,,,,,,,,,,,,,,,,,,,,,,,
45,Pulse Resistance,0.0%,,50%,All,Tree Bonus,,,,,,,,,,,,,,,,,,,,,,,,,,,
46,DMG Out of Cover,0.0%,,,,,,,,,,,,,,,,,,,,,,,,,,,,,,,
47,Protection from Elites,0.0%,,10%,Survivalist,Tree Bonus,,,,,,,,,,,,,,,,,,,,,,,,,,,
48,Incoming Repairs,20.0%,,,,,,,,,,,,,,,,,,,,,,,,,,,,,,,
49,Burn Resistance,0.0%,,20%,Demolitionist,Tree Bonus,,,,,,,,,,,,,,,,,,,,,,,,,,,
50,Bleed Resistance,0.0%,,,,,,,,,,,,,,,,,,,,,,,,,,,,,,,
51,Ensnare Resistance,0.0%,,,,,,,,,,,,,,,,,,,,,,,,,,,,,,,
52,Disorient Resistance,0.0%,,,,,,,,,,,,,,,,,,,,,,,,,,,,,,,
53,Blind/Deaf Resistance,0.0%,,,,,,,,,,,,,,,,,,,,,,,,,,,,,,,
54,Shock Resistance,0%,,,,,,,,,,,,,,,,,,,,,,,,,,,,,,,
55,Melee Damage,0%,,,,,,,,,,,,,,,,,,,,,,,,,,,,,,,
,,,,,,,,,,,,,,,,,,,,,,,,,,,,,,,,,
Weapon + Gear Talents Bonus,,,,,,,,,,,,,,,,,,,,,,,,,,,,,,,,,
No.,Attribute Type,Primary Weapon,Secondary Weapon,Sidearm,,,,,,,,,,,,,,,,,,,,,,,,,,,,,
1,Weapon Damage,45%,87%,45%,,,,,,,,,,,,,,,,,,,,,,,,,,,,,
2,Skill Tier,,,,,,,,,,,,,,,,,,,,,,,,,,,,,,,,
3,Critical Hit Chance,,,,,,,,,,,,,,,,,,,,,,,,,,,,,,,,
4,Critical Hit Damage,,,,,,,,,,,,,,,,,,,,,,,,,,,,,,,,
5,Headshot Damage,150%,,,,,,,,,,,,,,,,,,,,,,,,,,,,,,,
6,Reload Speed,,,,,,,,,,,,,,,,,,,,,,,,,,,,,,,,
7,Weapon Handling,,,,,,,,,,,,,,,,,,,,,,,,,,,,,,,,
8,Magazine Size,,,,,,,,,,,,,,,,,,,,,,,,,,,,,,,,
9,Rate of Fire,,,,,,,,,,,,,,,,,,,,,,,,,,,,,,,,
10,Skill Damage,,,,,,,,,,,,,,,,,,,,,,,,,,,,,,,,
11,Skill Efficiency,,,,,,,,,,,,,,,,,,,,,,,,,,,,,,,,
12,Armor Regen,,,,,,,,Specialization Tree Bonuses (assumes weapon damage nodes for weapons equipped are activated on the tree),,,,Focus Scope Check,,,,,,,,,,,,,,,,,,,,
13,Damage Out of Cover,,,,,,,,,,,,Primary,Secondary,,,,,,,,,,,,,,,,,,,
14,Amplified Weapon Damage,148%,148%,148%,,,,,1,Assault Rifle Damage,15%,,NO,NO,,,,,,,,,,,,,,,,,,,
15,Total Weapon Damage,100%,100%,100%,,,,,2,LMG Damage,0%,,,,,,,,,,,,,,,,,,,,,,
16,Amplified Damage,100%,100%,100%,,,,,3,Shotgun Damage,0%,,,,,,,,,,,,,,,,,,,,,,
17,Repair Skills,,,,,,,,4,SMG Damage,15%,,,,,,,,,,,,,,,,,,,,,,
18,Total Skill Repair,,,,,,,,5,Rifle Damage,0%,,,,,,,,,,,,,,,,,,,,,,
19,% Damage [Skill Tier],,,,,,,,6,MMR Damage,0%,,,,,,,,,,,,,,,,,,,,,,
20,Amplified Skill Damage,100%,100%,100%,,,,,7,Pistol Damage,15%,,,,,,,,,,,,,,,,,,,,,,
21,Total Skill Damage,100%,100%,100%,,,,,8,Signature Weapon Damage,40%,,,,,,,,,,,,,,,,,,,,,,
22,Melee Damage,,,,,,,,,,,,,,,,,,,,,,,,,,,,,,,,
,,,,,,,,,,,,,,,,,,,,,,,,,,,,,,,,,
Weapon Type Headshot Damage Bonus,,,,,,,,,,,,,,,,,,,,,,,,,,,,,,,,,
No.,Attribute Type,Primary Weapon,Secondary Weapon,Sidearm,,,,,,,,,,,,,,,,,,,,,,,,,,,,,
1,Headshot Damage,55%,50%,100%,,,,,,,,,,,,,,,,,,,,,,,,,,,,,
,,,,,,,,,1,Weapon Class,Primary Weapon,Secondary Weapon,Sidearm,Filter,,,,,,,,,,,,,,,,,,,
Normal Weapon DMG Bonus and Specialization Weapon Type DMG Bonus,,,,,,,,,2,AR Damage,15%,0%,0%,15%,,,,,,,,,,,,,,,,,,,
No.,Attribute Type,Primary Weapon,Secondary Weapon,Sidearm,,,,,3,LMG Damage,0%,0%,0%,0%,,,,,,,,,,,,,,,,,,,
1,Normal Weapon DMG,15.0%,15.0%,15.0%,,,,,4,Shotgun Damage,0%,0%,0%,0%,,,,,,,,,,,,,,,,,,,
2,Weapon Type DMG,15%,15%,15%,,,,,5,SMG Damage,0%,15%,0%,0%,,,,,,,,,,,,,,,,,,,
,,,,,,,,,6,Rifle Damage,0%,0%,0%,0%,,,,,,,,,,,,,,,,,,,
Expertise Upgrade Bonus,,,,,,,,,7,MMR Damage,0%,0%,0%,0%,,,,,,,,,,,,,,,,,,,
No.,Attribute Type,Primary Weapon,Secondary Weapon,Sidearm,,,,,8,Pistol Damage,0%,0%,15%,0%,,,,,,,,,,,,,,,,,,,
1,Weapon DMG Bonus,13%,13%,13%,,,,,9,Amplified Damage,100%,100%,100%,100%,,,,,,,,,,,,,,,,,,,
2,Skill DMG Bonus,13%,13%,13%,,,,,,,,,,,,,,,,,,,,,,,,,,,,,
,,,,,,,,,,,,,,,,,,,,,,,,,,,,,,,,,
Total Bonus,,,,,,,,,,,,,,,,,,,,,,,,,,,,,,,,,
No.,Attribute Type,Primary Weapon,Secondary Weapon,Sidearm,Primary Weapon,Secondary Weapon,Sidearm,,,For Display,,Format,,,,,,,,,,,,,,,,,,,,,
1,Weapon Damage,103.0%,145.0%,103.0%,58.0%,58.0%,58.0%,,,Weapon Damage,90405,"90,405",,,,,,,,,,,,,,,,,,,,,
2,Armor,"1,020,000","1,020,000","1,020,000",,,,,,Critical Hit Chance,0.4,40.0%,,,,,,,,,,,,,,,,,,,,,
3,Skill Tier,0,0,0,,,,,,Critical Hit Damage,1.39,139.0%,,,,,,,,,,,,,,,,,,,,,
4,Critical Hit Chance,40%,76%,40%,,,,,,Headshot Damage,2.65,265.0%,,,,,,,,,,,,,,,,,,,,,
5,Critical Hit Damage,139%,129%,129%,,,,,,Armor Damage,0,0%,,,,,,,,,,,,,,,,,,,,,
6,Headshot Damage,0%,0%,0%,265.0%,70.0%,120.0%,,,Health Damage,0.21,21.0%,,,,,,,,,,,,,,,,,,,,,
7,Health Damage,0%,0%,0%,21.0%,0.0%,0.0%,,,DMG Out of Cover,0,0%,,,,,,,,,,,,,,,,,,,,,
8,Damage to Armor,0%,0%,0%,0.0%,0.0%,0.0%,,,Optimal Range,40,40m,,,,,,,,,,,,,,,,,,,,,
9,DMG Out of Cover,0%,10%,10%,0.0%,10.0%,10.0%,,,Reload Time,1.66,1.7s,,,,,,,,,,,,,,,,,,,,,
10,Amplified Weapon Damage,148%,148%,148%,,,,,,Reload Speed,0.3,30.0%,,,,,,,,,,,,,,,,,,,,,
11,Total Weapon Damage,100%,100%,100%,,,,,,Accuracy,0.3,30.0%,,,,,,,,,,,,,,,,,,,,,
12,Amplified Damage,100%,100%,100%,,,,,,Stability,0.3,30.0%,,,,,,,,,,,,,,,,,,,,,
13,Accuracy,30%,10%,10%,,,,,,Swap Speed,0,0%,,,,,,,,,,,,,,,,,,,,,
14,Stability,30%,10%,10.0%,,,,,,Weapon Handling,0,0%,,,,,,,,,,,,,,,,,,,,,
15,Reload Speed,30%,10%,10.0%,,,,,,All Weapon Damage,28.0%,28.0%,,,,,,,,,,,,,,,,,,,,,
16,Weapon Handling,0%,0%,0%,,,,,,MMR Damage,0%,0%,,,,,,,,,,,,,,,,,,,,,
17,Ammo Capacity,20%,20%,20%,,,,,,Rifle Damage,0%,0%,,,,,,,,,,,,,,,,,,,,,
18,Magazine Size %,0.0%,0.0%,0.0%,,,,,,AR Damage,30%,30.0%,,,,,,,,,,,,,,,,,,,,,
19,Rate of Fire,0%,0%,0%,,,,,,LMG Damage,0%,0%,,,,,,,,,,,,,,,,,,,,,
20,Skill Haste,10%,10%,10%,,,,,,SMG Damage,15%,15.0%,,,,,,,,,,,,,,,,,,,,,
21,Skill Damage,10%,10%,10%,,,,,,Signature Weapon,40.0%,40%,,,,,,,,,,,,,,,,,,,,,
22,Repair Skills,10%,10%,10%,,,,,,Shotgun Damage,0%,0%,,,,,,,,,,,,,,,,,,,,,
23,Total Skill Repair,0%,0%,0%,,,,,,Pistol Damage,15%,15.0%,,,,,,,,,,,,,,,,,,,,,
24,Skill Duration,20%,20%,20%,,,,,,Melee Damage,0,0%,,,,,,,,,,,,,,,,,,,,,
25,Status Effects,10%,10%,10%,,,,,,Rate of Fire Bonus,0,0%,,,,,,,,,,,,,,,,,,,,,
26,Skill Health,0%,0%,0%,,,,,,Ammo Capacity,0.2,20%,,,,,,,,,,,,,,,,,,,,,
27,Skill Efficiency,0%,0%,0%,,,,,,Skill Tiers,0,0,,,,,,,,,,,,,,,,,,,,,
28,% Damage [Skill Tier],1.3%,1.3%,1.3%,,,,,,Skill Efficiency,0,0%,,,,,,,,,,,,,,,,,,,,,
29,Amplified Skill Damage,100%,100%,100%,,,,,,Skill Damage,0.1,10.0%,,,,,,,,,,,,,,,,,,,,,
30,Total Skill Damage,100%,100%,100%,,,,,,Status Effects,0.1,10.0%,,,,,,,,,,,,,,,,,,,,,
31,Explosives Damage,0%,0%,0%,,,,,,Skill Haste,0.1,10.0%,,,,,,,,,,,,,,,,,,,,,
32,Shield Health,0%,0%,0%,,,,,,Repair Skills,0.1,10.0%,,,,,,,,,,,,,,,,,,,,,
33,Health %,10%,10%,10%,,,,,,Skill Duration,0.2,20.0%,,,,,,,,,,,,,,,,,,,,,
34,Max Health,"363,000","363,000","363,000",,,,,,Skill Health,0,0%,,,,,,,,,,,,,,,,,,,,,
35,Hazard Protection,10%,10%,10%,,,,,,Explosive Damage,0,0%,,,,,,,,,,,,,,,,,,,,,
36,Total Armor,20%,20%,20%,,,,,,Shield Health,0,0%,,,,,,,,,,,,,,,,,,,,,
37,Explosive Resistance,10%,10%,10%,,,,,,Scanner Pulse Haste,0%,0%,,,,,,,,,,,,,,,,,,,,,
38,Incoming Repairs,20%,20%,20%,,,,,,Hive Skill Haste,0,0%,,,,,,,,,,,,,,,,,,,,,
39,Armor Regen %,3%,3%,3%,,,,,,Vile Tick Damage,---,---,,,,,,,,,,,,,,,,,,,,,
40,Armor Regen HP,"9,850","9,850","9,850",,,,,,Dynasty Burn Damage,---,---,,,,,,,,,,,,,,,,,,,,,
41,Armor on Kill,0%,0%,0%,,,,,,Pestilence Debuff,---,---,0,0,FALSE,FALSE,,,,,,,,,,,,,,,,,
42,Armor on Kill (Value),0,0,0,,,,,,Regulus Explosion DMG,---,---,,,,,,,,,,,,,,,,,,,,,
43,Health on Kill,"108,900","108,900","108,900",,,,,,Ravenous Explosion DMG,---,---,,,,,,,,,,,,,,,,,,,,,
44,Disrupt Resistance,10%,10%,10%,,,,,,Merciless Explosion DMG,---,---,,,,,,,,,,,,,,,,,,,,,
45,Pulse Resistance,50%,50%,50%,,,,,,Outgoing Healing (x),0%,0%,,,,,,,,,,,,,,,,,,,,,
46,Protection from Elites,0%,0%,0%,,,,,,Burn Duration (+),20%,20%,,,,,,,,,,,,,,,,,,,,,
47,Incoming Repairs,20%,20%,20%,,,,,,,,,,,,,,,,,,,,,,,,,,,,,
48,Burn Resistance,10%,10%,10%,,,,,,,,,,,,,,,,,,,,,,,,,,,,,
49,Bleed Resistance,10%,10%,10%,,,,,,,,,,,,,,,,,,,,,,,,,,,,,
50,Ensnare Resistance,10%,10%,10%,,,,,,,,,,,,,,,,,,,,,,,,,,,,,
51,Disorient Resistance,10%,10%,10%,,,,,,Status Effects from Skills,,,,,,,,,,,,,,,,,,,,,,,
52,Blind/Deaf Resistance,10%,10%,10%,,,,,,Decoy,,,,,,,,,,,,,,,,,,,,,,,
53,Shock Resistance,10%,10%,10%,,,,,,Precision Smart Cover,#N/A,,,,,,,,,,,,,,,,,,,,,,
54,Melee Damage,0%,0%,0%,,,,,,,,,,,,,,,,,,,,,,,,,,,,,
55,Magazine Size (Value),0,15,0,,,,,,,,,,,,,,,,,,,,,,,,,,,,,
56,Optimal Range,0%,0%,0%,40,15,12,,,,,,,,,,,,,,,,,,,,,,,,,,
57,Swap Speed,0%,0%,0%,,,,,,,,,,,,,,,,,,,,,,,,,,,,,
58,,,,,,,,,,,,,,,,,,,,,,,,,,,,,,,,,
,,,,,,,,,,,,,,,,,,,,,,,,,,,,,,,,,
No.,Stats,Primary Weapon,Secondary Weapon,Sidearm,,Firepower (Headshot),,,,,Stats with Conditional Talents' Stats Added Explicitly,,,,,,,,,,,,,,,,,,,,,,
1,Base Damage,"57,218","46,735","91,692",,FOR 'BUILD OVERVIEW',Primary Weapon,Secondary Weapon,Sidearm,,FOR 'BUILD OVERVIEW',Primary,Secondary,Sidearm,,,,,,,,,,,,,,,,,,,
2,RPM,800,"1,000",380,,Headshot Damage:,265%,70%,120%,,Amplified Weapon Damage (Headshot),148%,148%,148%,,,,,,,,,,,,,,,,,,,
3,MAG,42,32,14,,Damage (Normal),"627,560","316,941","666,770",,Amplified WD MINUS Skill Bonus,148%,148%,148%,"Fast Hands Backup (Shotguns adding 1 stack per SHOT, not PELLET):",,,,,,,,,,,,,,,,,,
4,Reload Speed,2.16,2.30,1.63,,Damage (Critical),"866,548","557,444","1,057,740",,Reload Speed,1.66,2.09,1.48,,75.3%,,,,,,,,,,,,,,,,,
,,,,,,Damage (Per Bullet),"627,560","316,941",,,Weapon Damage,103.0%,145.0%,103.0%,,75.3%,,,,,,,,,,,,,,,,,
Stats with Bonuses,,,,,,Damage (Per Critical Hit),"866,548","557,444",,,Magazine Size,42,47,14,,NEW:,,,,,,,,,,,,,,,,,
No.,Stats,Primary Weapon,Secondary Weapon,Sidearm,,Average Shot,"723,155","461,243","823,158",,,HOW TO ADD SYMPHONY HERE?,,,,67.2%,,,,,,,,,,,,,,,,,
1,RPM,800,"1,000",380,,Weapon DPS (Burst),"9,642,066","7,687,377",,,,IS IT CORRECT?,,,,67.2%,,,,,,,,,,,,,,,,,
2,MAG,42,47,14,,Weapon DPS (Sustain),"6,312,432","4,414,336",,,,,,,,,,,,,,,,,,,,,,,,,
3,Reload,1.66,2.09,1.48,,TTK,2.61,5.37,,,,,,,,,,,,,,,,,,,,,,,,,
,,,,,,Damage Per Mag,"30,372,509","21,678,405",,,,,,,,,,,,,,,,,,,,,,,,,
,,,,,,HH Damage After 1 Kill,"1,412,009","713,118","1,500,233",<<HEADHUNTER HERE NOT USING OPTIMIST,<<< IS BODY SHOT PART CORRECT FOR CRITS????,,,,,,,,,,,,,,,,,,,,,,
1,Weapon Selection,Primary Weapon,Secondary Weapon,Sidearm,,Headhunter Damage (Max),"2,079,466","1,232,937","2,155,848",<<HEADHUNTER HERE NOT USING OPTIMIST,,,,,,,,,,,,,,,,,,,,,,,
2,Base Damage,"57,218","46,735","91,692",,Firepower (Bodyshot),,,,,,,,,,,,,,,,,,,,,,,,,,,
3,RPM,800,"1,000",380,,FOR 'BUILD OVERVIEW',Primary Weapon,Secondary Weapon,Sidearm,,,,,,,,,,,,,,,,,,,,,,,,
4,MAG,42,47,14,,Damage (Normal),"171,934","186,436","303,077",,SWAP DCH AND HH TO USE TO EXPLICIT STATS ON THE RIGHT,,,,,,,,,,,,,,,,,,,,,,
5,Reload Speed,1.66,2.09,1.48,,Damage (Critical),"410,923","426,938","694,047",,,,,,,,,,,,,,,,,,,,,,,,
6,Weapon Damage,103.0%,145.0%,103.0%,,Damage (Per Bullet),"171,934","186,436",,,,,,,,,,,,,,,,,,,,,,,,,
7,Critical Hit Chance,40%,60%,40%,,Damage (Per Critical Hit),"410,923","426,938",,,,,,,,,,,,,,,,,,,,,,,,,
8,Critical Hit Damage,139%,129%,129%,,Average Shot,"267,530","330,737","459,465",,,After 1 Kill crits assume the initial kill shot was also a crit,,,,,,,,,,,,,,,,,,,,,
9,Damage (Normal),"171,934","186,436","303,077",,Weapon DPS (Burst),"3,567,060","5,512,291",,,FOR DISPLAY,Primary Weapon,Secondary Weapon,Sidearm,Critical,,,,,,,,,,,,,,,,,,
10,Damage (Critical),"410,923","426,938","694,047",,Weapon DPS (Sustain),"2,335,270","3,165,333",,,HH Damage After 1 Kill,"956,384","582,612","1,136,540",FALSE,,,,,,,,,,,,,,,,,,
11,Damage (Per Bullet),"171,934","186,436","303,077",,TTK,10.38,6.66,,,Headhunter Damage (Max),"1,623,841","1,102,432","1,792,155",FALSE,,,,,,,,,,,,,,,,,,
12,Damage (Per Critical Hit),"410,923","426,938","694,047",,Damage Per Mag,"11,236,239","15,544,660",,,AVERAGE OPTIMIST HH:,"1,623,841","1,102,432","1,792,155",<<<< Does not factor in higher damage on the first shot of each reload. Also needs to remove all Optimist damage except the first when HOTSHOT is equip,,,,,,,,,,,,,,,,,,
13,Weapon DPS,"3,567,060","5,512,291","2,909,947",,HH Damage After 1 Kill,"956,384","582,612","1,136,540",<<HEADHUNTER HERE NOT USING OPTIMIST,,,,,,,,,,,,,,,,,,,,,,,
14,Turret DMG,"31,039","31,039","31,039",,Headhunter Damage (Max),"1,623,841","1,102,432","1,792,155",<<HEADHUNTER HERE NOT USING OPTIMIST,DCH Normal:,"3,951,353",Crit:,,,,,,,,,,,,,,,,,,,,
15,Drone DMG,"19,399","19,399","19,399",,,,,,,DCH Crit:,"6,268,283",FALSE,BACKUPS:,Pre-PvP Changes:,,,,,,,,,,,,,,,,,,
16,Turret DPS,"395,748","395,748","395,748",,,,,,,Temp for display:,"3,951,353",,HH Damage After 1 Kill,"956,384","956,384",,,,,,,,,,,,,,,,,
17,Drone DPS,"290,980","290,980","290,980",,Weapon Selection,Primary Weapon,Secondary Weapon,Sidearm,,,,,Headhunter Damage (Max),"1,623,841","1,623,841",,,,,,,,,,,,,,,,,
18,Weapon + Skills DPS,"4,253,789","6,199,019","3,596,676",,Average Shot:,"267,530","330,737","459,465",,OPTIMIST + DCH????,,,HH MAX (Simplified),"1,623,841","1,623,841",,,,,,,,,,,,,,,,,
19,Time to Empty Magazine,3.15,2.82,2.21,,Damage Per Mag:,"11,236,239","15,544,660","6,432,515",,,,,HH After 1 Kill (Simplified),"956,384",,,,,,,,,,,,,,,,,,
20,Time to Kill (Weapon),10.38,6.66,13.10,,,,,,,,,,,,,,,,,,,,,,,,,,,,,
21,Time to Kill (Weapon + Skills),7.58,6.15,11.44,,,,,,,,,,,,,,,,,,,,,,,,,,,,,
22,Armor on Kill Amount,0.0,0.0,0.0,,Weapon Type For Strained,,,,,,,,,,,,,,,,,,,,,,,,,,,
23,Armor on Kill %,0.0%,0.0%,0.0%,,Primary,Exotic,AR,,,,,,,,,,,,,,,,,,,,,,,,,
24,Protection from Elites,0%,0%,0%,,Secondary,SMG,,,,,,,,,,,,,,,,,,,,,,,,,,
25,Fixer Self-Heal Amount,"25,426","25,426","25,426",,Sidearm,Pistol,,,,,,,,,,,,,,,,,,,,,,,,,,
X,Sustain DPS,"2,335,270","3,165,333","1,742,122",,,,,,,,,,,,,,,,,,,,,,,,,,,,,
Strained DPS Calculation,,,,,Perfect Strained DPS Calculation (Cold Relations),,,,,,,,,,,,,,,,,,,,,,,,,,,,
Number of Bullets Fired (Needs Revision for 0 Values),,,,,Number of Bullets Fired,,,,,,,,,,,,,,,,,,,,,,,,,,,,
No.,Time,Primary Weapon,Secondary Weapon,Sidearm,No.,Time,Primary Slot,Secondary Slot,,,,,,,,,,,,,,,,,,,,,,,,,
1,0.0s to 0.5s,,8,3,1,0.0s to 0.5s,,,,,,,,,,,,,,,,,,,,,,,,,,,
2,0.5s to 1.0s,,8,3,2,0.5s to 1.0s,,,,,,,,,,,,,,,,,,,,,,,,,,,
3,1.0s to 1.5s,,9,3,3,1.0s to 1.5s,,,,,,,,,,,,,,,,,,,,,,,,,,,
4,1.5s to 2.0s,,8,3,4,1.5s to 2.0s,,,,,,,,,,,,,,,,,,,,,,,,,,,
5,2.0s to 2.5s,,8,2,5,2.0s to 2.5s,,,,,,,,,,,,,,,,,,,,,,,,,,,
6,2.5s to END,,6,0,6,2.5s to 3.0s,,,,,,,,,,,,,,,,,,,,,,,,,,,
Number of Bullets Fired × Average Damage,,,,,7,3.0s to 3.5s,,,,,,,,,,,,,,,,,,,,,,,,,,,
No.,Time,Primary Weapon,Secondary Weapon,Sidearm,8,3.5s to 4.0s,,,,,,,,,,,,,,,,,,,,,,,,,,,
0,0.0s to 0.5s,0,"2,645,900","1,378,396",9,4.0s to END,,,,,,,,,,,,,,,,,,,,,,,,,,,
1,0.5s to 1.0s,0,"2,735,389","1,414,765",Number of Bullets Fired × Average Damage (Cold Relations),,,,,,,,,,,,,,,,,,,,,,,,,,,,
2,1.0s to 1.5s,0,"3,177,988","1,451,135",No.,Time,Primary Slot,Secondary Slot,,,,,,,,,,,,,,,,,,,,,,,,,
3,1.5s to 2.0s,0,"2,914,367","1,487,504",0,0.0s to 0.5s,0,0,,,,,,,,,,,,,,,,,,,,,,,,,
4,2.0s to 2.5s,0,"3,003,857","1,015,915",1,0.5s to 1.0s,0,0,,,,,,,,,,,,,,,,,,,,,,,,,
5,2.5s to END,0,"2,320,010",0,2,1.0s to 1.5s,0,0,,,,,,,,,,,,,,,,,,,,,,,,,
6,Burst DPS,0,"5,956,564","3,052,538",3,1.5s to 2.0s,0,0,,,,,,,,,,,,,,,,,,,,,,,,,
7,Average Shot,0,"484,129","700,018",4,2.0s to 2.5s,0,0,,,,,,,,,,,,,,,,,,,,,,,,,
8,Sustain DPS,0,"4,633,373","2,654,209",5,2.5s to 3.0s,0,0,,,,,,,,,,,,,,,,,,,,,,,,,
For Display,,,,,6,3.0s to 3.5s,0,0,,,,,,,,,,,,,,,,,,,,,,,,,
1,Weapon Selection,Primary Weapon,,,7,3.5s to 4.0s,0,0,,,,,,,,,,,,,,,,,,,,,,,,,
2,Base Damage,"57,218",,,8,4.0s to END,0,0,Average Strained Critical Hit Damage Increase,,,,,,,,,,,,,,,,,,,,,,,,
3,RPM,800,,,9,Burst DPS,0,0,Primary Weapon,Secondary Weapon,Sidearm,,,,,,,,,,,,,,,,,,,,,,
4,MAG,42,,,10,Average Shot,0,0,0.0%,23.8%,18.6%,,,,,,,,,,,,,,,,,,,,,,
5,Reload Speed,1.66,,,11,Sustain DPS,0,0,,,,,,,,,,,,,,,,,,,,,,,,,
6,Weapon Damage,103%,,,,,,,,Strained DPS Calculation (Headshot),,,,,,,,,,,,,,,,,,,,,,,
7,Critical Hit Chance,40%,,,,,,,,Number of Bullets Fired (Needs Revision for 0 Values),,,,,,,,,,,,,,,,,,,,,,,
8,Critical Hit Damage,139%,,,Shots to Kill,Primary Weapon,Secondary Weapon,Sidearm,,Number of Bullets Fired × Average Damage,,,,,,,,,,,,,,,,,,,,,,,
9,Damage (Normal),"171,934",,,Headshots to Kill,35,55,31,,No.,Time,Primary Weapon,Secondary Weapon,,,,,,,,,,,,,,,,,,,,
10,Damage (Critical),"410,923",,,Bodyshots to Kill,95,77,55,,0,0.0s to 0.5s,0,"3,689,941",,,,,,,,,,,,,,,,,,,,
11,Damage (Per Bullet),"171,934",Number of Bullets Landed,1,,,Optimist shot position:,11,,1,0.5s to 1.0s,0,"3,779,430",,,,,,,,,,,,,,,,,,,,
12,Damage (Per Critical Hit),"410,923",,,,,,,,2,1.0s to 1.5s,0,"4,352,535",,,,,,,,,,,,,,,,,,,,
13,Weapon DPS,"3,567,060",,,,Removing Hotshot from 1st shot,,,,3,1.5s to 2.0s,0,"3,958,409",,,,,,,,,,,,,,,,,,,,
14,Turret DMG,"31,039",,,,,"488,538",,,,2.0s to 2.5s,0,"3,689,941",,,,,,,,,,,,,,,,,,,,
15,Drone DMG,"19,399",,,,Target:,"8,249,756",,,5,2.5s to END,0,"3,103,041",,,,,,,,,,,,,,,,,,,,
16,Turret DPS,"395,748",Shots to Kill,95,,,,,,6,Burst DPS,0,"8,004,715",,,,,,,,,,,,,,,,,,,,
17,Drone DPS,"290,980",Average Shot:,"267,530",,,,,,7,Average Shot,0,"480,283",,,,,,,,,,,,,,,,,,,,
18,Weapon + Skills DPS,"4,253,789",Damage Per Mag,"11,236,239",,,,,,8,Sustain DPS,0,"4,596,562",,,,,,,,,,,,,,,,,,,,
19,Time to Empty Magazine,3.15,Time to Empty Mag,3.15,3.15s,,,,,Perfect Strained DPS Calculation (Cold Relations) (Headshot),,,,,,,,,,,,,,,,,,,,,,,
20,Time to Kill (Weapon),10.38 s,HH After 1 Kill (Normal),"956,384",,,,,,Number of Bullets Fired,,,,,,,,,,,,,,,,,,,,,,,
21,Time to Kill (Weapon + Skills),7.58,HH Max Damage (Normal),"1,623,841",,,,,,Number of Bullets Fired × Average Damage,,,,,,,,,,,,,,,,,,,,,,,
22,Armor on Kill Amount,0,,,,,,,,No.,Time,Primary Slot,Secondary Slot,,,,,,,,,,,,,,,,,,,,
23,Armor on Kill %,0.0%,,,,,,,,0,0.0s to 0.5s,0,0,,,,,,,,,,,,,,,,,,,,
24,Protection from Elites,0%,,,,,,,,1,0.5s to 1.0s,0,0,,,,,,,,,,,,,,,,,,,,
25,Max Armor,"2,118,979",,,,,,,,2,1.0s to 1.5s,0,0,,,,,,,,,,,,,,,,,,,,
26,Total Armor Regen HP/s,"62,824",,,,,,,,3,1.5s to 2.0s,0,0,,,,,,,,,,,,,,,,,,,,
27,Effective Armor Regen %,2.96%,,,,,,,,4,2.0s to 2.5s,0,0,,,,,,,,,,,,,,,,,,,,
28,100% Armor Recovery Time,34.00 s,,,,,,,,5,2.5s to 3.0s,0,0,,,,,,,,,,,,,,,,,,,,
29,100% Armor Recovery Time,34.00 s,,,,,,,,6,3.0s to 3.5s,0,0,,,,,,,,,,,,,,,,,,,,
X,Sustain DPS,"2,335,270",,,,,,,,7,3.5s to 4.0s,0,0,,,,,,,,,,,,,,,,,,,,
,Armor Condition,With Armor,Health Only,,,,,,,8,4.0s to END,0,0,,,,,,,,,,,,,,,,,,,,
,Cover Condition,Out of Cover,In Cover,,,,,,,9,Burst DPS,0,0,,,,,,,,,,,,,,,,,,,,
,Hit Location,Headshot,Bodyshot,,,,,,,10,Average Shot,0,0,,,,,,,,,,,,,,,,,,,,
,Overcharge Status,No Overcharge,Overcharge Active,,,,,,,11,Sustain DPS,0,0,,,,,,,,,,,,,,,,,,,,
,,Primary Weapon,Secondary Weapon,Sidearm,,,,,,Strained DPS Calculation (Bodyshot),,,,,,,,,,,,,,,,,,,,,,,
,Headshot Damage Effect,0,0,0,,,,,,Number of Bullets Fired (Needs Revision for 0 Values),,,,,,,,,,,,,,,,,,,,,,,
,Health Damage Effect,0,0,0,,,,,,Number of Bullets Fired × Average Damage,,,,,,,,,,,,,,,,,,,,,,,
,Damage to Armor Effect,1,1,1,,,,,,No.,Time,Primary Weapon,Secondary Weapon,,,,,,,,,,,,,,,,,,,,
,DMG Out of Cover Effect,1,1,1,,,,,,0,0.0s to 0.5s,0,"2,645,900",,,,,,,,,,,,,,,,,,,,
,Number of Bullets Landed,1,1,1,,,,,,1,0.5s to 1.0s,0,"2,735,389",,,,,,,,,,,,,,,,,,,,
,,,,,,,,,,2,1.0s to 1.5s,0,"3,177,988",,,,,,,,,,,,,,,,,,,,
,Time,Elite HP Amount,TEMP - Health for 'Shots to Kill',,,,,,,3,1.5s to 2.0s,0,"2,914,367",,,,,,,,,,,,,,,,,,,,
,Heroic (Solo),"9,894,612","2,827,032",,,,,,,4,2.0s to 2.5s,0,"3,003,857",,,,,,,,,,,,,,,,,,,,
,Heroic (4-Man),"16,905,652","4,890,766",,,,,,,5,2.5s to END,0,"2,320,010",,,,,,,,,,,,,,,,,,,,
,Legendary (Solo),"14,752,329","3,105,753",,,,,,,6,Burst DPS,0,"5,956,564",,,,,,,,,,,,,,,,,,,,
,Legendary (4-Man),"25,172,132","5,372,952",,,,,,,7,Average Shot,0,"357,394",,,,,,,,,,,,,,,,,,,,
,Dark Zone (PvP),"3,330,990",,,,,,,,8,Sustain DPS,0,"3,420,448",,,,,,,,,,,,,,,,,,,,
,Conflict (PvP),"1,859,954",,,,,,,,Perfect Strained DPS Calculation (Cold Relations) (Bodyshot),,,,,,,,,,,,,,,,,,,,,,,
,,,,,,,,,,Number of Bullets Fired,,,,,,,,,,,,,,,,,,,,,,,
,Base Armor Value,,,,,,,,,Number of Bullets Fired × Average Damage,,,,,,,,,,,,,,,,,,,,,,,
,Slot,Base Value,Value Including Expertise,,Skill Tier Icons Determiner,,,,,No.,Time,Primary Slot,Secondary Slot,,,,,,,,,,,,,,,,,,,,
,Mask,"80,297","90,735.6",,Don't Touch! (1),Don't Touch! (2),Don't Touch! (Deflector),,,0,0.0s to 0.5s,0,0,,,,,,,,,,,,,,,,,,,,
,Chest,"157,961","178,495.9",,,,Armor Core,,,1,0.5s to 1.0s,0,0,,,,,,,,,,,,,,,,,,,,
,Holster,"111,889","126,434.6",,,,Armor Core,,,2,1.0s to 1.5s,0,0,,,,,,,,,,,,,,,,,,,,
,Backpack,"130,844","147,853.7",,,,Armor Core,,,3,1.5s to 2.0s,0,0,,,,,,,,,,,,,,,,,,,,
,Gloves,"80,297","90,735.6",,,,Armor Core,,,4,2.0s to 2.5s,0,0,,,,,,,,,,,,,,,,,,,,
,Kneepads,"98,726","111,560.4",,,,Armor Core,,,5,2.5s to 3.0s,0,0,,,,,,,,,,,,,,,,,,,,
,Total Base Armor,"660,014","745,815.8",,,,Armor Core,,,6,3.0s to 3.5s,0,0,,,,,,,,,,,,,,,,,,,,
,,,,,,,,,,7,3.5s to 4.0s,0,0,,,,,,,,,,,,,,,,,,,,
,,,,,,,,,,8,4.0s to END,0,0,,,,,,,,,,,,,,,,,,,,
,Skill Tiers Cores Check,Skill Tier Icons,Armor Core Icons,Overcharge Icons,Skill 1 Shield Cores?,Skill 2 Shield Cores?,,,,9,Burst DPS,0,0,,,,,,,,,,,,,,,,,,,,
,0,,Armor Core,,,,,,,10,Average Shot,0,0,,,,,,,,,,,,,,,,,,,,
,0,,Armor Core,,,,,,,11,Sustain DPS,0,0,,,,,,,,,,,,,,,,,,,,
,0,,Armor Core,,,,,,,,,,,,,,,,,,,,,,,,,,,,,,
,0,,Armor Core,,,,,,,,,,,,,,,,,,,,,,,,,,,,,,
,0,,Armor Core,,,,,,,,,,,,,,,,,,,,,,,,,,,,,,
,0,,Armor Core,,,,,,,,,,,,,,,,,,,,,,,,,,,,,,
,,,,,,,,,,MY OWN HP TESTING,,,,,,,,,,,,,,,,,,,,,,,
,,,,,,,FALSE,SKILL 1,,Scaling,Grunt (?) HP Amount,Standard Veteran Total HP Amount,Veteran Armour Amount,Elite Total HP Amount,Elite Armour Amount,Named Total HP Amount,Named Armor Amount,,,,,,,,,,,,,,,,
,,,,,,,FALSE,SKILL 2,,Heroic (Solo),"2,827,032","6,360,822","3,533,790","9,894,612","7,067,580","19,789,226","16,962,194",,,,,,,,,,,,,,,,
,Armor Core,Armor Core,Armor Core,Armor Core,Armor Core,Armor Core,,DEFLECTOR,,Heroic (Duo),"3,392,438","7,632,986",,"12,580,292",,"27,648,374","24,253,077",,,,,,,,,,,,,,,,
,,,,,,,,,,Heroic (Trio),,,,,,,,,,,,,,,,,,,,,,,
,,,,,,,,,,Heroic (Squad),,,,"16,905,652",,,,,,,,,,,,,,,,,,,
Shocker Punch & Shield + St Elmo,,,Shock Resistance,,,,,,,Legendary (Solo),,,,"14,752,329",,,,,,,,,,,,,,,,,,,
,Is Shocker Punch Equipped?,NO,0%,,,,,,,Legendary (Duo),,,,,,,,,,,,,,,,,,,,,,,
,Is Compatible Shield Equipped?,NO,,,,,,,,Legendary (Trio),,,,,,,,,,,,,,,,,,,,,,,
,Melee Damage from Shield,,,,,,,,,Legendary (Squad),,,,"25,172,132",,,,,,,,,,,,,,,,,,,
,,,,,,,,,,,,,,,,,,,,,,,,,,,,,,,,,
,St. Elmo's in Slot 1,,,,,,,,,,,,,,,,,,,,,,,,,,,,,,,,
,St. Elmo's in Slot 2,,,,,,,,,,,,,,,,,,,,,,,,,,,,,,,,
,,,,,,,,,,,,,,,,,,,,,,,,,,,,,,,,,
,TOTAL,,,,,,,,,,,,,,,,,,,,,,,,,,,,,,,,
,,,,,,,,,,,,,,,,,,,,,,,,,,,,,,,,,
****     REDUNDANT     ****     REDUNDANT     ****     REDUNDANT     ****     REDUNDANT     ****     REDUNDANT     ****     REDUNDANT     ****     REDUNDANT     ****     REDUNDANT     ****     REDUNDANT     ****     REDUNDANT     ****     REDUNDANT     ****     ,,,,,,,,,,,,,,,,,,,,,,,,,,,,,,,,,
OPTIMIST CALCULATIONS          //          OPTIMIST CALCULATIONS          //          OPTIMIST CALCULATIONS          //          OPTIMIST CALCULATIONS          //          OPTIMIST CALCULATIONS          //          OPTIMIST CALCULATIONS,,,,,,,,,,,,,,,,,,,,,,,,,,,,,,,,,
= Percentage Per Shot,FOR DISPLAY:          //          FOR DISPLAY:,,PRIMARY,,"Since decommissioning the Build Overview stat tables, these may be incorrect. Only the currently selected conditions will be correct for certain. Doesn't make a difference to the stats displayed on MAIN BUILD",,SECONDARY,,,,SIDEARM,,,,,,,,,,,,,,,,,,,,,,
,Burst DPS,,Burst DPS,,,,Burst DPS,,,,Burst DPS,,,,,,,,,,,,,,,,,,,,,,
,Sustain DPS,,Sustain DPS,,,,Sustain DPS,,,,Sustain DPS,,,,,,,,,,,,,,,,,,,,,,
,Average Shot,0,Average Shot,0,,,Average Shot,0,,,Average Shot,0,,,,,,,,,,,,,,,,,,,,,
,Damage Per Mag,0,Damage Per Mag,0,,,Damage Per Mag,0,,,Damage Per Mag,0,,,,,,,,,,,,,,,,,,,,,
,Damage Per Mag,Average Shot,Damage Per Mag,Average Shot,Damage Per Mag,Average Shot,Damage Per Mag,Average Shot,Damage Per Mag,Average Shot,Damage Per Mag,Average Shot,,,,,,,,,,,,,,,,,,,,,
,0,0,0,0,0,0,0,0,0,0,0,0,,,,,,,,,,,,,,,,,,,,,
0.8,Burst DPS,Sustain DPS,Burst DPS,Sustain DPS,Burst DPS,Sustain DPS,Burst DPS,Sustain DPS,Burst DPS,Sustain DPS,Burst DPS,Sustain DPS,,,,MEASURED CALCULATIONS          //          MEASURED CALCULATIONS          //          MEASURED CALCULATIONS          //          MEASURED CALCULATIONS          //          MEASURED CALCULATIONS          //          MEASURED CALCULATIONS,,,,,,,,,,,,,,,,,
0.7,,,,,,,,,,,,,HEADHUNTER,,,Primary Weapon,,,,,,Secondary Weapon,,,,,,Sidearm,,,,,
2.5,PRIMARY | HEADSHOTS,,PRIMARY | BODYSHOTS,,SECONDARY | HEADSHOTS,,SECONDARY | BODYSHOTS,,SIDEARM | HEADSHOTS,,SIDEARM | BODYSHOTS,,PRIMARY | HEADSHOTS,,,First Half of Mag,,Second Half of Mag,,AVERAGES,,First Half of Mag,,Second Half of Mag,,AVERAGES,,First Half of Mag,,Second Half of Mag,,AVERAGES,
Shot,Damage (Normal),Damage (Critical),Damage (Normal),Damage (Critical),Damage (Normal),Damage (Critical),Damage (Normal),Damage (Critical),Damage (Normal),Damage (Critical),Damage (Normal),Damage (Critical),Damage (Normal),Damage (Critical),,Crit,"360,316",Crit,"534,199",Crit,"360,316 / 534,199",Crit,"383,373",Crit,"555,020",Crit,"383,373 / 555,020",Crit,"608,573",Crit,"902,261",Crit,"608,573 / 902,261"
0,,,,,,,,,,,,,FALSE,,,Non-Crit,"150,760",Non-Crit,"223,514",Non-Crit,"150,760 / 223,514",Non-Crit,"167,412",Non-Crit,"242,367",Non-Crit,"167,412 / 242,367",Non-Crit,"265,753",Non-Crit,"394,001",Non-Crit,"265,753 / 394,001"
1,,,,,,,,,,,,,,,,RPM,"1,000",RPM,656,RPM,828,RPM,"1,250",RPM,820,RPM,"1,035",RPM,475,RPM,312,RPM,393
2,,,,,,,,,,,,,,,,TTK,9.76,TTK,8.28,TTK,9.02,TTK,6.16,TTK,6.37,TTK,6.27,TTK,13.82,TTK,12.56,TTK,13.19
3,,,,,,,,,,,,,,,,Time to Empty Half,1.26,Time to Empty Half,1.92,Time to Empty Mag,3.18,Time to Empty Half,1.13,Time to Empty Half,1.72,Time to Empty Mag,2.85,Time to Empty Half,0.88,Time to Empty Half,1.35,Time to Empty Mag,2.23
4,,,,,,,,,,,,,,,,Burst DPS,"3,909,709",Burst DPS,"3,802,486",Burst DPS,"3,856,097",Burst DPS,"6,187,265",Burst DPS,"5,876,102",Burst DPS,"6,031,684",Burst DPS,"3,189,474",Burst DPS,"3,102,004",Burst DPS,"3,145,739"
5,,,,,,,,,,,,,,,,Sustain DPS,"2,356,182",Sustain DPS,"2,654,390",Sustain DPS,"2,505,286",Sustain DPS,"3,211,125",Sustain DPS,"3,015,247",Sustain DPS,"3,113,186",Sustain DPS,"1,735,359",Sustain DPS,"2,001,701",Sustain DPS,"1,868,530"
6,,,,,,,,,,,,,,,,Average Shot,"234,583",Average Shot,"347,788",Average Shot,"291,185",Average Shot,"296,989",Average Shot,"429,959",Average Shot,"363,474",Average Shot,"402,881",Average Shot,"597,305",Average Shot,"500,093"
7,,,,,,,,,,,,,,,,Damage Per Half,"4,926,233",Damage Per Half,"7,303,556",Damage Per Mag,"12,229,789",Damage Per Half,"6,979,235",Damage Per Half,"10,104,029",Damage Per Mag,"17,083,264",Damage Per Half,"2,820,167",Damage Per Half,"4,181,135",Damage Per Mag,"7,001,301"
8,,,,,,,,,,,,,,,,FOR DISPLAY:,,,,,,,,,,,,,,,,,
9,,,,,,,,,,,,,,,,Crit,"360,316 / 534,199",,,,,,,,,,,,,,,,
10,,,,,,,,,,,,,,,,Non-Crit,"150,760 / 223,514",,,,,,,,,,,,,,,,
11,,,,,,,,,,,,,,,,RPM,828,,,,,,,,,,,,,,,,
12,,,,,,,,,,,,,,,,Time to Empty Mag,3,3.18s,,,,,,,,,,,,,,,
13,,,,,,,,,,,,,,,,Average Shot,"291,185",,,,,,,,,,,,,,,,
14,,,,,,,,,,,,,,,,Damage Per Mag,"12,229,789",,,,,,,,,,,,,,,,
15,,,,,,,,,,,,,,,,,,,,,,,,,,,,,,,,,
16,,,,,,,,,,,,,,,,,,,,,,,,,,,,,,,,,
17,,,,,,,,,,,,,,,,,,,,,,,,,,,,,,,,,
18,,,,,,,,,,,,,,,,,,,,,,,,,,,,,,,,,
19,,,,,,,,,,,,,,,,,,,,,,,,,,,,,,,,,
20,,,,,,,,,,,,,,,,,,,,,,,,,,,,,,,,,
21,,,,,,,,,,,,,,,,,,,,,,,,,,,,,,,,,
22,,,,,,,,,,,,,,,,,,,,,,,,,,,,,,,,,
23,,,,,,,,,,,,,,,,,,,,,,,,,,,,,,,,,
24,,,,,,,,,,,,,,,,,,,,,,,,,,,,,,,,,
25,,,,,,,,,,,,,,,,,,,,,,,,,,,,,,,,,
26,,,,,,,,,,,,,,,,,,,,,,,,,,,,,,,,,
27,,,,,,,,,,,,,,,,,,,,,,,,,,,,,,,,,
28,,,,,,,,,,,,,,,,,,,,,,,,,,,,,,,,,
29,,,,,,,,,,,,,,,,,,,,,,,,,,,,,,,,,
30,,,,,,,,,,,,,,,,,,,,,,,,,,,,,,,,,
31,,,,,,,,,,,,,,,,,,,,,,,,,,,,,,,,,
32,,,,,,,,,,,,,,,,,,,,,,,,,,,,,,,,,
33,,,,,,,,,,,,,,,,,,,,,,,,,,,,,,,,,
34,,,,,,,,,,,,,,,,,,,,,,,,,,,,,,,,,
35,,,,,,,,,,,,,,,,,,,,,,,,,,,,,,,,,
36,,,,,,,,,,,,,,,,,,,,,,,,,,,,,,,,,
37,,,,,,,,,,,,,,,,,,,,,,,,,,,,,,,,,
38,,,,,,,,,,,,,,,,,,,,,,,,,,,,,,,,,
39,,,,,,,,,,,,,,,,,,,,,,,,,,,,,,,,,
40,,,,,,,,,,,,,,,,,,,,,,,,,,,,,,,,,
41,,,,,,,,,,,,,,,,,,,,,,,,,,,,,,,,,
42,,,,,,,,,,,,,,,,,,,,,,,,,,,,,,,,,
43,,,,,,,,,,,,,,,,,,,,,,,,,,,,,,,,,
44,,,,,,,,,,,,,,,,,,,,,,,,,,,,,,,,,
45,,,,,,,,,,,,,,,,,,,,,,,,,,,,,,,,,
46,,,,,,,,,,,,,,,,,,,,,,,,,,,,,,,,,
47,,,,,,,,,,,,,,,,,,,,,,,,,,,,,,,,,
48,,,,,,,,,,,,,,,,,,,,,,,,,,,,,,,,,
49,,,,,,,,,,,,,,,,,,,,,,,,,,,,,,,,,
50,,,,,,,,,,,,,,,,,,,,,,,,,,,,,,,,,
51,,,,,,,,,,,,,,,,,,,,,,,,,,,,,,,,,
52,,,,,,,,,,,,,,,,,,,,,,,,,,,,,,,,,
53,,,,,,,,,,,,,,,,,,,,,,,,,,,,,,,,,
54,,,,,,,,,,,,,,,,,,,,,,,,,,,,,,,,,
55,,,,,,,,,,,,,,,,,,,,,,,,,,,,,,,,,
56,,,,,,,,,,,,,,,,,,,,,,,,,,,,,,,,,
57,,,,,,,,,,,,,,,,,,,,,,,,,,,,,,,,,
58,,,,,,,,,,,,,,,,,,,,,,,,,,,,,,,,,
59,,,,,,,,,,,,,,,,,,,,,,,,,,,,,,,,,
60,,,,,,,,,,,,,,,,,,,,,,,,,,,,,,,,,
61,,,,,,,,,,,,,,,,,,,,,,,,,,,,,,,,,
62,,,,,,,,,,,,,,,,,,,,,,,,,,,,,,,,,
63,,,,,,,,,,,,,,,,,,,,,,,,,,,,,,,,,
64,,,,,,,,,,,,,,,,,,,,,,,,,,,,,,,,,
65,,,,,,,,,,,,,,,,,,,,,,,,,,,,,,,,,
66,,,,,,,,,,,,,,,,,,,,,,,,,,,,,,,,,
67,,,,,,,,,,,,,,,,,,,,,,,,,,,,,,,,,
68,,,,,,,,,,,,,,,,,,,,,,,,,,,,,,,,,
69,,,,,,,,,,,,,,,,,,,,,,,,,,,,,,,,,
70,,,,,,,,,,,,,,,,,,,,,,,,,,,,,,,,,
71,,,,,,,,,,,,,,,,,,,,,,,,,,,,,,,,,
72,,,,,,,,,,,,,,,,,,,,,,,,,,,,,,,,,
73,,,,,,,,,,,,,,,,,,,,,,,,,,,,,,,,,
74,,,,,,,,,,,,,,,,,,,,,,,,,,,,,,,,,
75,,,,,,,,,,,,,,,,,,,,,,,,,,,,,,,,,
76,,,,,,,,,,,,,,,,,,,,,,,,,,,,,,,,,
77,,,,,,,,,,,,,,,,,,,,,,,,,,,,,,,,,
78,,,,,,,,,,,,,,,,,,,,,,,,,,,,,,,,,
79,,,,,,,,,,,,,,,,,,,,,,,,,,,,,,,,,
80,,,,,,,,,,,,,,,,,,,,,,,,,,,,,,,,,
81,,,,,,,,,,,,,,,,,,,,,,,,,,,,,,,,,
82,,,,,,,,,,,,,,,,,,,,,,,,,,,,,,,,,
83,,,,,,,,,,,,,,,,,,,,,,,,,,,,,,,,,
84,,,,,,,,,,,,,,,,,,,,,,,,,,,,,,,,,
85,,,,,,,,,,,,,,,,,,,,,,,,,,,,,,,,,
86,,,,,,,,,,,,,,,,,,,,,,,,,,,,,,,,,
87,,,,,,,,,,,,,,,,,,,,,,,,,,,,,,,,,
88,,,,,,,,,,,,,,,,,,,,,,,,,,,,,,,,,
89,,,,,,,,,,,,,,,,,,,,,,,,,,,,,,,,,
90,,,,,,,,,,,,,,,,,,,,,,,,,,,,,,,,,
91,,,,,,,,,,,,,,,,,,,,,,,,,,,,,,,,,
92,,,,,,,,,,,,,,,,,,,,,,,,,,,,,,,,,
93,,,,,,,,,,,,,,,,,,,,,,,,,,,,,,,,,
94,,,,,,,,,,,,,,,,,,,,,,,,,,,,,,,,,
95,,,,,,,,,,,,,,,,,,,,,,,,,,,,,,,,,
96,,,,,,,,,,,,,,,,,,,,,,,,,,,,,,,,,
97,,,,,,,,,,,,,,,,,,,,,,,,,,,,,,,,,
98,,,,,,,,,,,,,,,,,,,,,,,,,,,,,,,,,
99,,,,,,,,,,,,,,,,,,,,,,,,,,,,,,,,,
100,,,,,,,,,,,,,,,,,,,,,,,,,,,,,,,,,
101,,,,,,,,,,,,,,,,,,,,,,,,,,,,,,,,,
102,,,,,,,,,,,,,,,,,,,,,,,,,,,,,,,,,
103,,,,,,,,,,,,,,,,,,,,,,,,,,,,,,,,,
104,,,,,,,,,,,,,,,,,,,,,,,,,,,,,,,,,
105,,,,,,,,,,,,,,,,,,,,,,,,,,,,,,,,,
106,,,,,,,,,,,,,,,,,,,,,,,,,,,,,,,,,
107,,,,,,,,,,,,,,,,,,,,,,,,,,,,,,,,,
108,,,,,,,,,,,,,,,,,,,,,,,,,,,,,,,,,
109,,,,,,,,,,,,,,,,,,,,,,,,,,,,,,,,,
110,,,,,,,,,,,,,,,,,,,,,,,,,,,,,,,,,
111,,,,,,,,,,,,,,,,,,,,,,,,,,,,,,,,,
112,,,,,,,,,,,,,,,,,,,,,,,,,,,,,,,,,
113,,,,,,,,,,,,,,,,,,,,,,,,,,,,,,,,,
114,,,,,,,,,,,,,,,,,,,,,,,,,,,,,,,,,
115,,,,,,,,,,,,,,,,,,,,,,,,,,,,,,,,,
116,,,,,,,,,,,,,,,,,,,,,,,,,,,,,,,,,
117,,,,,,,,,,,,,,,,,,,,,,,,,,,,,,,,,
118,,,,,,,,,,,,,,,,,,,,,,,,,,,,,,,,,
119,,,,,,,,,,,,,,,,,,,,,,,,,,,,,,,,,
120,,,,,,,,,,,,,,,,,,,,,,,,,,,,,,,,,
121,,,,,,,,,,,,,,,,,,,,,,,,,,,,,,,,,
122,,,,,,,,,,,,,,,,,,,,,,,,,,,,,,,,,
123,,,,,,,,,,,,,,,,,,,,,,,,,,,,,,,,,
124,,,,,,,,,,,,,,,,,,,,,,,,,,,,,,,,,
125,,,,,,,,,,,,,,,,,,,,,,,,,,,,,,,,,
126,,,,,,,,,,,,,,,,,,,,,,,,,,,,,,,,,
127,,,,,,,,,,,,,,,,,,,,,,,,,,,,,,,,,
128,,,,,,,,,,,,,,,,,,,,,,,,,,,,,,,,,
129,,,,,,,,,,,,,,,,,,,,,,,,,,,,,,,,,
130,,,,,,,,,,,,,,,,,,,,,,,,,,,,,,,,,
131,,,,,,,,,,,,,,,,,,,,,,,,,,,,,,,,,
132,,,,,,,,,,,,,,,,,,,,,,,,,,,,,,,,,
133,,,,,,,,,,,,,,,,,,,,,,,,,,,,,,,,,
134,,,,,,,,,,,,,,,,,,,,,,,,,,,,,,,,,
135,,,,,,,,,,,,,,,,,,,,,,,,,,,,,,,,,
136,,,,,,,,,,,,,,,,,,,,,,,,,,,,,,,,,
137,,,,,,,,,,,,,,,,,,,,,,,,,,,,,,,,,
138,,,,,,,,,,,,,,,,,,,,,,,,,,,,,,,,,
139,,,,,,,,,,,,,,,,,,,,,,,,,,,,,,,,,
140,,,,,,,,,,,,,,,,,,,,,,,,,,,,,,,,,
141,,,,,,,,,,,,,,,,,,,,,,,,,,,,,,,,,
142,,,,,,,,,,,,,,,,,,,,,,,,,,,,,,,,,
143,,,,,,,,,,,,,,,,,,,,,,,,,,,,,,,,,
144,,,,,,,,,,,,,,,,,,,,,,,,,,,,,,,,,
145,,,,,,,,,,,,,,,,,,,,,,,,,,,,,,,,,
146,,,,,,,,,,,,,,,,,,,,,,,,,,,,,,,,,
147,,,,,,,,,,,,,,,,,,,,,,,,,,,,,,,,,
148,,,,,,,,,,,,,,,,,,,,,,,,,,,,,,,,,
149,,,,,,,,,,,,,,,,,,,,,,,,,,,,,,,,,
150,,,,,,,,,,,,,,,,,,,,,,,,,,,,,,,,,
151,,,,,,,,,,,,,,,,,,,,,,,,,,,,,,,,,
152,,,,,,,,,,,,,,,,,,,,,,,,,,,,,,,,,
153,,,,,,,,,,,,,,,,,,,,,,,,,,,,,,,,,
154,,,,,,,,,,,,,,,,,,,,,,,,,,,,,,,,,
155,,,,,,,,,,,,,,,,,,,,,,,,,,,,,,,,,
156,,,,,,,,,,,,,,,,,,,,,,,,,,,,,,,,,
157,,,,,,,,,,,,,,,,,,,,,,,,,,,,,,,,,
158,,,,,,,,,,,,,,,,,,,,,,,,,,,,,,,,,
159,,,,,,,,,,,,,,,,,,,,,,,,,,,,,,,,,
160,,,,,,,,,,,,,,,,,,,,,,,,,,,,,,,,,
161,,,,,,,,,,,,,,,,,,,,,,,,,,,,,,,,,
162,,,,,,,,,,,,,,,,,,,,,,,,,,,,,,,,,
163,,,,,,,,,,,,,,,,,,,,,,,,,,,,,,,,,
164,,,,,,,,,,,,,,,,,,,,,,,,,,,,,,,,,
165,,,,,,,,,,,,,,,,,,,,,,,,,,,,,,,,,
166,,,,,,,,,,,,,,,,,,,,,,,,,,,,,,,,,
167,,,,,,,,,,,,,,,,,,,,,,,,,,,,,,,,,
168,,,,,,,,,,,,,,,,,,,,,,,,,,,,,,,,,
169,,,,,,,,,,,,,,,,,,,,,,,,,,,,,,,,,
170,,,,,,,,,,,,,,,,,,,,,,,,,,,,,,,,,
171,,,,,,,,,,,,,,,,,,,,,,,,,,,,,,,,,
172,,,,,,,,,,,,,,,,,,,,,,,,,,,,,,,,,
173,,,,,,,,,,,,,,,,,,,,,,,,,,,,,,,,,
174,,,,,,,,,,,,,,,,,,,,,,,,,,,,,,,,,
175,,,,,,,,,,,,,,,,,,,,,,,,,,,,,,,,,
176,,,,,,,,,,,,,,,,,,,,,,,,,,,,,,,,,
177,,,,,,,,,,,,,,,,,,,,,,,,,,,,,,,,,
178,,,,,,,,,,,,,,,,,,,,,,,,,,,,,,,,,
179,,,,,,,,,,,,,,,,,,,,,,,,,,,,,,,,,
180,,,,,,,,,,,,,,,,,,,,,,,,,,,,,,,,,
181,,,,,,,,,,,,,,,,,,,,,,,,,,,,,,,,,
182,,,,,,,,,,,,,,,,,,,,,,,,,,,,,,,,,
183,,,,,,,,,,,,,,,,,,,,,,,,,,,,,,,,,
184,,,,,,,,,,,,,,,,,,,,,,,,,,,,,,,,,
185,,,,,,,,,,,,,,,,,,,,,,,,,,,,,,,,,
186,,,,,,,,,,,,,,,,,,,,,,,,,,,,,,,,,
187,,,,,,,,,,,,,,,,,,,,,,,,,,,,,,,,,
188,,,,,,,,,,,,,,,,,,,,,,,,,,,,,,,,,
189,,,,,,,,,,,,,,,,,,,,,,,,,,,,,,,,,
190,,,,,,,,,,,,,,,,,,,,,,,,,,,,,,,,,
191,,,,,,,,,,,,,,,,,,,,,,,,,,,,,,,,,
192,,,,,,,,,,,,,,,,,,,,,,,,,,,,,,,,,
193,,,,,,,,,,,,,,,,,,,,,,,,,,,,,,,,,
194,,,,,,,,,,,,,,,,,,,,,,,,,,,,,,,,,
195,,,,,,,,,,,,,,,,,,,,,,,,,,,,,,,,,
196,,,,,,,,,,,,,,,,,,,,,,,,,,,,,,,,,
197,,,,,,,,,,,,,,,,,,,,,,,,,,,,,,,,,
198,,,,,,,,,,,,,,,,,,,,,,,,,,,,,,,,,
199,,,,,,,,,,,,,,,,,,,,,,,,,,,,,,,,,
200,,,,,,,,,,,,,,,,,,,,,,,,,,,,,,,,,
201,,,,,,,,,,,,,,,,,,,,,,,,,,,,,,,,,
202,,,,,,,,,,,,,,,,,,,,,,,,,,,,,,,,,
203,,,,,,,,,,,,,,,,,,,,,,,,,,,,,,,,,
204,,,,,,,,,,,,,,,,,,,,,,,,,,,,,,,,,
205,,,,,,,,,,,,,,,,,,,,,,,,,,,,,,,,,
206,,,,,,,,,,,,,,,,,,,,,,,,,,,,,,,,,
207,,,,,,,,,,,,,,,,,,,,,,,,,,,,,,,,,
208,,,,,,,,,,,,,,,,,,,,,,,,,,,,,,,,,
209,,,,,,,,,,,,,,,,,,,,,,,,,,,,,,,,,
210,,,,,,,,,,,,,,,,,,,,,,,,,,,,,,,,,
211,,,,,,,,,,,,,,,,,,,,,,,,,,,,,,,,,
212,,,,,,,,,,,,,,,,,,,,,,,,,,,,,,,,,
213,,,,,,,,,,,,,,,,,,,,,,,,,,,,,,,,,
214,,,,,,,,,,,,,,,,,,,,,,,,,,,,,,,,,
215,,,,,,,,,,,,,,,,,,,,,,,,,,,,,,,,,
216,,,,,,,,,,,,,,,,,,,,,,,,,,,,,,,,,
217,,,,,,,,,,,,,,,,,,,,,,,,,,,,,,,,,
218,,,,,,,,,,,,,,,,,,,,,,,,,,,,,,,,,
219,,,,,,,,,,,,,,,,,,,,,,,,,,,,,,,,,
220,,,,,,,,,,,,,,,,,,,,,,,,,,,,,,,,,
221,,,,,,,,,,,,,,,,,,,,,,,,,,,,,,,,,
222,,,,,,,,,,,,,,,,,,,,,,,,,,,,,,,,,
223,,,,,,,,,,,,,,,,,,,,,,,,,,,,,,,,,
224,,,,,,,,,,,,,,,,,,,,,,,,,,,,,,,,,
225,,,,,,,,,,,,,,,,,,,,,,,,,,,,,,,,,
226,,,,,,,,,,,,,,,,,,,,,,,,,,,,,,,,,
227,,,,,,,,,,,,,,,,,,,,,,,,,,,,,,,,,
228,,,,,,,,,,,,,,,,,,,,,,,,,,,,,,,,,
229,,,,,,,,,,,,,,,,,,,,,,,,,,,,,,,,,
230,,,,,,,,,,,,,,,,,,,,,,,,,,,,,,,,,
231,,,,,,,,,,,,,,,,,,,,,,,,,,,,,,,,,
232,,,,,,,,,,,,,,,,,,,,,,,,,,,,,,,,,
233,,,,,,,,,,,,,,,,,,,,,,,,,,,,,,,,,
234,,,,,,,,,,,,,,,,,,,,,,,,,,,,,,,,,
235,,,,,,,,,,,,,,,,,,,,,,,,,,,,,,,,,
236,,,,,,,,,,,,,,,,,,,,,,,,,,,,,,,,,
237,,,,,,,,,,,,,,,,,,,,,,,,,,,,,,,,,
238,,,,,,,,,,,,,,,,,,,,,,,,,,,,,,,,,
239,,,,,,,,,,,,,,,,,,,,,,,,,,,,,,,,,
240,,,,,,,,,,,,,,,,,,,,,,,,,,,,,,,,,
241,,,,,,,,,,,,,,,,,,,,,,,,,,,,,,,,,
242,,,,,,,,,,,,,,,,,,,,,,,,,,,,,,,,,
243,,,,,,,,,,,,,,,,,,,,,,,,,,,,,,,,,
244,,,,,,,,,,,,,,,,,,,,,,,,,,,,,,,,,
245,,,,,,,,,,,,,,,,,,,,,,,,,,,,,,,,,
246,,,,,,,,,,,,,,,,,,,,,,,,,,,,,,,,,
247,,,,,,,,,,,,,,,,,,,,,,,,,,,,,,,,,
248,,,,,,,,,,,,,,,,,,,,,,,,,,,,,,,,,
249,,,,,,,,,,,,,,,,,,,,,,,,,,,,,,,,,
250,,,,,,,,,,,,,,,,,,,,,,,,,,,,,,,,,
251,,,,,,,,,,,,,,,,,,,,,,,,,,,,,,,,,
252,,,,,,,,,,,,,,,,,,,,,,,,,,,,,,,,,
253,,,,,,,,,,,,,,,,,,,,,,,,,,,,,,,,,
254,,,,,,,,,,,,,,,,,,,,,,,,,,,,,,,,,
255,,,,,,,,,,,,,,,,,,,,,,,,,,,,,,,,,
256,,,,,,,,,,,,,,,,,,,,,,,,,,,,,,,,,
257,,,,,,,,,,,,,,,,,,,,,,,,,,,,,,,,,
258,,,,,,,,,,,,,,,,,,,,,,,,,,,,,,,,,
259,,,,,,,,,,,,,,,,,,,,,,,,,,,,,,,,,
260,,,,,,,,,,,,,,,,,,,,,,,,,,,,,,,,,
261,,,,,,,,,,,,,,,,,,,,,,,,,,,,,,,,,
262,,,,,,,,,,,,,,,,,,,,,,,,,,,,,,,,,
263,,,,,,,,,,,,,,,,,,,,,,,,,,,,,,,,,
264,,,,,,,,,,,,,,,,,,,,,,,,,,,,,,,,,
265,,,,,,,,,,,,,,,,,,,,,,,,,,,,,,,,,
266,,,,,,,,,,,,,,,,,,,,,,,,,,,,,,,,,
267,,,,,,,,,,,,,,,,,,,,,,,,,,,,,,,,,
268,,,,,,,,,,,,,,,,,,,,,,,,,,,,,,,,,
269,,,,,,,,,,,,,,,,,,,,,,,,,,,,,,,,,
270,,,,,,,,,,,,,,,,,,,,,,,,,,,,,,,,,
271,,,,,,,,,,,,,,,,,,,,,,,,,,,,,,,,,
272,,,,,,,,,,,,,,,,,,,,,,,,,,,,,,,,,
273,,,,,,,,,,,,,,,,,,,,,,,,,,,,,,,,,
274,,,,,,,,,,,,,,,,,,,,,,,,,,,,,,,,,
275,,,,,,,,,,,,,,,,,,,,,,,,,,,,,,,,,
276,,,,,,,,,,,,,,,,,,,,,,,,,,,,,,,,,
277,,,,,,,,,,,,,,,,,,,,,,,,,,,,,,,,,
278,,,,,,,,,,,,,,,,,,,,,,,,,,,,,,,,,
279,,,,,,,,,,,,,,,,,,,,,,,,,,,,,,,,,
280,,,,,,,,,,,,,,,,,,,,,,,,,,,,,,,,,
281,,,,,,,,,,,,,,,,,,,,,,,,,,,,,,,,,
282,,,,,,,,,,,,,,,,,,,,,,,,,,,,,,,,,
283,,,,,,,,,,,,,,,,,,,,,,,,,,,,,,,,,
284,,,,,,,,,,,,,,,,,,,,,,,,,,,,,,,,,
285,,,,,,,,,,,,,,,,,,,,,,,,,,,,,,,,,
286,,,,,,,,,,,,,,,,,,,,,,,,,,,,,,,,,
287,,,,,,,,,,,,,,,,,,,,,,,,,,,,,,,,,
288,,,,,,,,,,,,,,,,,,,,,,,,,,,,,,,,,
289,,,,,,,,,,,,,,,,,,,,,,,,,,,,,,,,,
290,,,,,,,,,,,,,,,,,,,,,,,,,,,,,,,,,
291,,,,,,,,,,,,,,,,,,,,,,,,,,,,,,,,,
292,,,,,,,,,,,,,,,,,,,,,,,,,,,,,,,,,
293,,,,,,,,,,,,,,,,,,,,,,,,,,,,,,,,,
294,,,,,,,,,,,,,,,,,,,,,,,,,,,,,,,,,
295,,,,,,,,,,,,,,,,,,,,,,,,,,,,,,,,,
296,,,,,,,,,,,,,,,,,,,,,,,,,,,,,,,,,
297,,,,,,,,,,,,,,,,,,,,,,,,,,,,,,,,,
298,,,,,,,,,,,,,,,,,,,,,,,,,,,,,,,,,
299,,,,,,,,,,,,,,,,,,,,,,,,,,,,,,,,,
300,,,,,,,,,,,,,,,,,,,,,,,,,,,,,,,,,
301,,,,,,,,,,,,,,,,,,,,,,,,,,,,,,,,,
302,,,,,,,,,,,,,,,,,,,,,,,,,,,,,,,,,
303,,,,,,,,,,,,,,,,,,,,,,,,,,,,,,,,,
304,,,,,,,,,,,,,,,,,,,,,,,,,,,,,,,,,
305,,,,,,,,,,,,,,,,,,,,,,,,,,,,,,,,,
306,,,,,,,,,,,,,,,,,,,,,,,,,,,,,,,,,
307,,,,,,,,,,,,,,,,,,,,,,,,,,,,,,,,,
308,,,,,,,,,,,,,,,,,,,,,,,,,,,,,,,,,
309,,,,,,,,,,,,,,,,,,,,,,,,,,,,,,,,,
310,,,,,,,,,,,,,,,,,,,,,,,,,,,,,,,,,
311,,,,,,,,,,,,,,,,,,,,,,,,,,,,,,,,,
312,,,,,,,,,,,,,,,,,,,,,,,,,,,,,,,,,
313,,,,,,,,,,,,,,,,,,,,,,,,,,,,,,,,,
314,,,,,,,,,,,,,,,,,,,,,,,,,,,,,,,,,
315,,,,,,,,,,,,,,,,,,,,,,,,,,,,,,,,,
316,,,,,,,,,,,,,,,,,,,,,,,,,,,,,,,,,
317,,,,,,,,,,,,,,,,,,,,,,,,,,,,,,,,,
318,,,,,,,,,,,,,,,,,,,,,,,,,,,,,,,,,
319,,,,,,,,,,,,,,,,,,,,,,,,,,,,,,,,,
320,,,,,,,,,,,,,,,,,,,,,,,,,,,,,,,,,
321,,,,,,,,,,,,,,,,,,,,,,,,,,,,,,,,,
322,,,,,,,,,,,,,,,,,,,,,,,,,,,,,,,,,
323,,,,,,,,,,,,,,,,,,,,,,,,,,,,,,,,,
324,,,,,,,,,,,,,,,,,,,,,,,,,,,,,,,,,
325,,,,,,,,,,,,,,,,,,,,,,,,,,,,,,,,,
326,,,,,,,,,,,,,,,,,,,,,,,,,,,,,,,,,
327,,,,,,,,,,,,,,,,,,,,,,,,,,,,,,,,,
328,,,,,,,,,,,,,,,,,,,,,,,,,,,,,,,,,
329,,,,,,,,,,,,,,,,,,,,,,,,,,,,,,,,,
330,,,,,,,,,,,,,,,,,,,,,,,,,,,,,,,,,
331,,,,,,,,,,,,,,,,,,,,,,,,,,,,,,,,,
332,,,,,,,,,,,,,,,,,,,,,,,,,,,,,,,,,
333,,,,,,,,,,,,,,,,,,,,,,,,,,,,,,,,,
334,,,,,,,,,,,,,,,,,,,,,,,,,,,,,,,,,
335,,,,,,,,,,,,,,,,,,,,,,,,,,,,,,,,,
336,,,,,,,,,,,,,,,,,,,,,,,,,,,,,,,,,
337,,,,,,,,,,,,,,,,,,,,,,,,,,,,,,,,,
338,,,,,,,,,,,,,,,,,,,,,,,,,,,,,,,,,
339,,,,,,,,,,,,,,,,,,,,,,,,,,,,,,,,,
340,,,,,,,,,,,,,,,,,,,,,,,,,,,,,,,,,
341,,,,,,,,,,,,,,,,,,,,,,,,,,,,,,,,,
342,,,,,,,,,,,,,,,,,,,,,,,,,,,,,,,,,
343,,,,,,,,,,,,,,,,,,,,,,,,,,,,,,,,,
344,,,,,,,,,,,,,,,,,,,,,,,,,,,,,,,,,
345,,,,,,,,,,,,,,,,,,,,,,,,,,,,,,,,,
346,,,,,,,,,,,,,,,,,,,,,,,,,,,,,,,,,
347,,,,,,,,,,,,,,,,,,,,,,,,,,,,,,,,,
348,,,,,,,,,,,,,,,,,,,,,,,,,,,,,,,,,
349,,,,,,,,,,,,,,,,,,,,,,,,,,,,,,,,,
350,,,,,,,,,,,,,,,,,,,,,,,,,,,,,,,,,
351,,,,,,,,,,,,,,,,,,,,,,,,,,,,,,,,,
352,,,,,,,,,,,,,,,,,,,,,,,,,,,,,,,,,
353,,,,,,,,,,,,,,,,,,,,,,,,,,,,,,,,,
354,,,,,,,,,,,,,,,,,,,,,,,,,,,,,,,,,
355,,,,,,,,,,,,,,,,,,,,,,,,,,,,,,,,,
356,,,,,,,,,,,,,,,,,,,,,,,,,,,,,,,,,
357,,,,,,,,,,,,,,,,,,,,,,,,,,,,,,,,,
358,,,,,,,,,,,,,,,,,,,,,,,,,,,,,,,,,
359,,,,,,,,,,,,,,,,,,,,,,,,,,,,,,,,,
360,,,,,,,,,,,,,,,,,,,,,,,,,,,,,,,,,
361,,,,,,,,,,,,,,,,,,,,,,,,,,,,,,,,,
362,,,,,,,,,,,,,,,,,,,,,,,,,,,,,,,,,
363,,,,,,,,,,,,,,,,,,,,,,,,,,,,,,,,,
364,,,,,,,,,,,,,,,,,,,,,,,,,,,,,,,,,
365,,,,,,,,,,,,,,,,,,,,,,,,,,,,,,,,,
366,,,,,,,,,,,,,,,,,,,,,,,,,,,,,,,,,
367,,,,,,,,,,,,,,,,,,,,,,,,,,,,,,,,,
368,,,,,,,,,,,,,,,,,,,,,,,,,,,,,,,,,
369,,,,,,,,,,,,,,,,,,,,,,,,,,,,,,,,,
370,,,,,,,,,,,,,,,,,,,,,,,,,,,,,,,,,
371,,,,,,,,,,,,,,,,,,,,,,,,,,,,,,,,,
372,,,,,,,,,,,,,,,,,,,,,,,,,,,,,,,,,
373,,,,,,,,,,,,,,,,,,,,,,,,,,,,,,,,,
374,,,,,,,,,,,,,,,,,,,,,,,,,,,,,,,,,
375,,,,,,,,,,,,,,,,,,,,,,,,,,,,,,,,,
376,,,,,,,,,,,,,,,,,,,,,,,,,,,,,,,,,
377,,,,,,,,,,,,,,,,,,,,,,,,,,,,,,,,,
378,,,,,,,,,,,,,,,,,,,,,,,,,,,,,,,,,
379,,,,,,,,,,,,,,,,,,,,,,,,,,,,,,,,,
380,,,,,,,,,,,,,,,,,,,,,,,,,,,,,,,,,
381,,,,,,,,,,,,,,,,,,,,,,,,,,,,,,,,,
382,,,,,,,,,,,,,,,,,,,,,,,,,,,,,,,,,
383,,,,,,,,,,,,,,,,,,,,,,,,,,,,,,,,,
384,,,,,,,,,,,,,,,,,,,,,,,,,,,,,,,,,
385,,,,,,,,,,,,,,,,,,,,,,,,,,,,,,,,,
386,,,,,,,,,,,,,,,,,,,,,,,,,,,,,,,,,
387,,,,,,,,,,,,,,,,,,,,,,,,,,,,,,,,,
388,,,,,,,,,,,,,,,,,,,,,,,,,,,,,,,,,
389,,,,,,,,,,,,,,,,,,,,,,,,,,,,,,,,,
390,,,,,,,,,,,,,,,,,,,,,,,,,,,,,,,,,
391,,,,,,,,,,,,,,,,,,,,,,,,,,,,,,,,,
392,,,,,,,,,,,,,,,,,,,,,,,,,,,,,,,,,
393,,,,,,,,,,,,,,,,,,,,,,,,,,,,,,,,,
394,,,,,,,,,,,,,,,,,,,,,,,,,,,,,,,,,
395,,,,,,,,,,,,,,,,,,,,,,,,,,,,,,,,,
396,,,,,,,,,,,,,,,,,,,,,,,,,,,,,,,,,
397,,,,,,,,,,,,,,,,,,,,,,,,,,,,,,,,,
398,,,,,,,,,,,,,,,,,,,,,,,,,,,,,,,,,
399,,,,,,,,,,,,,,,,,,,,,,,,,,,,,,,,,
400,,,,,,,,,,,,,,,,,,,,,,,,,,,,,,,,,